Video_Name,Img_Path,Frame_ID,Ear_back_x,Ear_back_y,Ear_front_x,Ear_front_y,Ear_bottom_x,Ear_bottom_y,Ear_top_x,Ear_top_y,Eye_back_x,Eye_back_y,Eye_front_x,Eye_front_y,Eye_bottom_x,Eye_bottom_y,Eye_top_x,Eye_top_y,Nose_top_x,Nose_top_y,Nose_bottom_x,Nose_bottom_y,Mouth_x,Mouth_y,Stimuli
00511-phase1-1-2022-06-22 10-40-29,img_103.jpg,103,644.02099609375,423.5785827636719,545.892333984375,606.2068481445312,615.400146484375,543.5135498046875,537.7149658203125,499.9008483886719,409.60260009765625,701.6097412109375,349.6351013183594,731.5934448242188,378.2559509277344,724.7789916992188,375.5301513671875,693.4323120117188,226.9742889404297,847.4397583007812,251.50645446777344,881.51220703125,360.5382690429688,903.318603515625,baseline
00511-phase1-1-2022-06-22 10-40-29,img_135.jpg,135,850.9080810546875,294.7520751953125,721.8346557617188,419.3229675292969,813.38671875,407.3161315917969,757.8551635742188,321.7674255371094,609.2705688476562,398.3110046386719,559.7423706054688,363.7913513183594,579.2534790039062,393.8084411621094,595.7628784179688,356.2870788574219,388.64501953125,336.7759704589844,385.643310546875,387.8050231933594,435.1714782714844,467.3502807617188,baseline
00511-phase1-1-2022-06-22 10-40-29,img_212.jpg,212,650.6304321289062,430.5105285644531,531.4053344726562,577.97314453125,620.8241577148438,541.891845703125,548.66162109375,468.1605529785156,407.4739990234375,609.3482055664062,340.0177001953125,618.7606811523438,379.2364807128906,632.8794555664062,374.53021240234375,592.0919189453125,164.31753540039062,656.4107055664062,178.43630981445312,714.4545288085938,253.7363739013672,772.498291015625,baseline
00511-phase1-1-2022-06-22 10-40-29,img_243.jpg,243,796.5663452148438,344.3484191894531,610.419189453125,427.0804748535156,705.2163696289062,432.251220703125,679.3626098632812,332.2833251953125,486.3211364746094,390.88519287109375,432.8900146484375,366.7550048828125,451.8494262695313,394.3323669433594,462.1909484863281,363.307861328125,257.0843811035156,359.8606872558594,253.63722229003903,411.5682067871094,312.2391052246094,497.7474365234375,baseline
00511-phase1-1-2022-06-22 10-40-29,img_280.jpg,280,926.6984252929688,176.6153564453125,804.5400390625,310.22607421875,875.799072265625,273.3240661621094,842.7145385742188,207.1549530029297,698.9238891601562,288.5938720703125,645.4796142578125,270.77911376953125,664.5668334960938,296.228759765625,673.4742431640625,261.8717346191406,500.4165344238281,282.2314453125,500.4165344238281,319.13348388671875,567.858154296875,389.12005615234375,baseline
00511-phase1-1-2022-06-22 10-40-29,img_348.jpg,348,563.7734985351562,486.88330078125,508.3941955566406,677.0990600585938,570.9968872070312,597.641845703125,481.9084777832031,572.3599853515625,368.74212646484375,779.4303588867188,316.9745483398437,817.955078125,351.8875427246094,815.5472412109375,325.4018249511719,783.0420532226562,208.623779296875,925.1019287109376,241.1289978027344,966.034423828125,347.07196044921875,968.4422607421876,baseline
00511-phase1-1-2022-06-22 10-40-29,img_419.jpg,419,623.7969360351562,416.2957763671875,539.9284057617188,607.258056640625,613.4746704101562,528.5505981445312,527.0255126953125,497.5837707519531,394.1260986328125,685.9654541015625,343.8049621582031,714.3517456054688,376.0621032714844,709.1906127929688,360.5786743164063,680.8043212890625,222.5181121826172,804.6717529296875,243.1626892089844,847.2511596679688,337.3535461425781,865.315185546875,baseline
00511-phase1-1-2022-06-22 10-40-29,img_494.jpg,494,615.8092041015625,441.8788146972656,546.2196044921875,618.704833984375,590.7113037109375,570.7906494140625,534.8114624023438,533.1438598632812,433.2790832519531,735.0677490234375,395.63226318359375,767.010498046875,419.58935546875,769.2921142578125,405.8995971679688,735.0677490234375,314.6345520019531,865.1204223632812,338.59161376953125,901.62646484375,433.2790832519531,908.4713134765624,baseline
00511-phase1-1-2022-06-22 10-40-29,img_572.jpg,572,682.2025756835938,269.2992248535156,519.4002075195312,271.12847900390625,594.3990478515625,335.1518859863281,576.106689453125,201.61734008789065,374.8902282714844,203.4465789794922,334.64697265625,165.03253173828125,345.6224060058594,203.4465789794922,371.2317504882813,170.520263671875,159.03990173339844,66.2535629272461,131.60130310058594,102.83837127685548,144.40597534179688,216.2512664794922,baseline
00511-phase1-1-2022-06-22 10-40-29,img_754.jpg,754,900.307861328125,233.6057586669922,768.1217041015625,397.4615478515625,885.1615600585938,386.446044921875,794.2835083007812,276.2908935546875,633.181640625,463.55462646484375,597.3811645507812,535.155517578125,627.6738891601562,515.8783569335938,612.5275268554688,480.0779113769531,462.4411315917969,670.0955810546875,481.71826171875,686.6188354492188,580.85791015625,581.971435546875,baseline
00511-phase1-1-2022-06-22 10-40-29,img_784.jpg,784,1165.635009765625,478.2640075683594,1260.9154052734375,662.401611328125,1197.751953125,582.1090698242188,1263.056640625,536.0746459960938,1377.6072998046875,719.1416625976562,1417.21826171875,756.6115112304688,1399.0186767578125,756.6115112304688,1405.4420166015625,718.0711059570312,1497.5108642578125,833.6923828125,1476.0994873046875,858.3154296875,1393.665771484375,866.8799438476562,baseline
00511-phase1-1-2022-06-22 10-40-29,img_824.jpg,824,735.3130493164062,332.3873596191406,618.6890869140625,502.5211181640625,705.1280517578125,451.7554016113281,632.4095458984375,391.3853454589844,486.9726257324219,546.4266357421875,438.9509887695313,560.1470947265625,467.7639770507813,568.37939453125,462.2757873535156,534.0781860351562,304.49041748046875,639.7257690429688,318.2108764648437,686.3753662109375,416.9982299804688,730.2808837890625,baseline
00511-phase1-1-2022-06-22 10-40-29,img_932.jpg,932,540.12158203125,493.3172302246094,488.42230224609375,664.8648681640625,536.5966186523438,592.015869140625,467.2726135253906,574.39111328125,359.1741027832031,769.4384155273438,305.1248779296875,805.8628540039062,340.3743896484375,805.8628540039062,327.4495544433594,765.9134521484375,193.50143432617188,912.786376953125,224.05101013183597,953.9108276367188,325.0995788574219,965.66064453125,baseline
00511-phase1-1-2022-06-22 10-40-29,img_983.jpg,983,814.361572265625,387.8667297363281,727.3201904296875,553.6597900390625,806.0718994140625,517.7379760742188,710.7409057617188,423.78857421875,582.2512817382812,675.2413940429688,536.658203125,713.9264526367188,565.6719360351562,711.1632080078125,544.9478149414062,678.004638671875,423.3662414550781,857.61376953125,449.6168212890625,886.6275634765625,556.000732421875,890.7723999023438,baseline
00511-phase1-1-2022-06-22 10-40-29,img_1046.jpg,1046,830.3079223632812,372.2413940429688,751.4618530273438,545.4442138671875,829.0153198242188,510.545166015625,734.6585693359375,416.1883850097656,613.1580810546875,659.1893920898438,571.7962036132812,692.7958984375,598.93994140625,688.918212890625,580.8441162109375,660.48193359375,455.4659423828125,840.1475830078125,487.7799072265625,868.5838623046875,587.306884765625,875.0466918945312,baseline
00511-phase1-1-2022-06-22 10-40-29,img_1096.jpg,1096,831.1512451171875,400.4901428222656,748.703369140625,566.6946411132812,845.5469360351562,531.3598022460938,736.925048828125,439.7510681152344,612.598876953125,704.1077880859375,573.3380126953125,740.7512817382812,608.6727905273438,739.442626953125,586.4249267578125,706.7252197265625,466.02484130859375,903.0297241210938,501.3596801757813,921.3514404296876,590.35107421875,918.7340698242188,baseline
00511-phase1-1-2022-06-22 10-40-29,img_1276.jpg,1276,743.0549926757812,348.9309387207031,678.6611938476562,545.9000854492188,739.26708984375,468.8800964355469,662.2471313476562,433.5266723632813,577.6514282226562,653.2230224609375,533.4595947265625,693.6268920898438,565.0252075195312,682.2633056640625,541.0353393554688,660.7987060546875,462.7527465820313,837.56591796875,499.3688049316406,856.5052490234375,591.5402221679688,845.1416015625,baseline
00511-phase1-1-2022-06-22 10-40-29,img_1357.jpg,1357,884.499267578125,328.3300170898437,791.08984375,512.5541381835938,879.309814453125,442.4971008300781,782.0083618164062,393.19769287109375,658.7598266601562,603.368896484375,604.27099609375,631.91064453125,636.704833984375,630.61328125,614.6498413085938,603.368896484375,481.0224609375,755.1591796875,516.051025390625,782.403564453125,612.0551147460938,792.7824096679688,baseline
00511-phase1-1-2022-06-22 10-40-29,img_1420.jpg,1420,1000.608154296875,285.5748291015625,863.33544921875,439.1571350097656,954.3975219726562,407.8970336914063,871.490234375,322.271484375,739.6541137695312,513.9096069335938,685.2886962890625,562.8385009765625,723.344482421875,556.0427856445312,704.3165893554688,516.6278686523438,569.7621459960938,700.1112060546875,599.6631469726562,728.6530151367188,693.4434814453125,753.1174926757812,baseline
00511-phase1-1-2022-06-22 10-40-29,img_1713.jpg,1713,834.651611328125,321.0043640136719,722.069580078125,494.6248779296875,799.3849487304688,430.8735961914063,726.1387939453125,380.6864013671875,582.3593139648438,532.6043701171875,540.3106079101562,546.16845703125,559.3003540039062,550.2376708984375,548.4490356445312,520.3966674804688,403.3131713867188,623.4838256835938,418.2336730957031,658.75048828125,505.0439147949219,711.6505126953125,baseline
00511-phase1-1-2022-06-22 10-40-29,img_1751.jpg,1751,759.708740234375,368.09613037109375,710.6732788085938,551.97900390625,756.0310668945312,487.0070495605469,684.9296875,453.90814208984375,602.7953491210938,663.5346069335938,558.6634521484375,694.1817626953125,588.084716796875,692.9558715820312,566.0187377929688,664.760498046875,465.4961242675781,831.48095703125,498.5950317382813,860.9022216796875,590.5364990234375,858.450439453125,baseline
00511-phase1-1-2022-06-22 10-40-29,img_1860.jpg,1860,825.3394165039062,394.1432495117188,769.3280029296875,573.9006958007812,835.7601318359375,515.2841186523438,740.6710205078125,467.0882873535156,670.3311767578125,718.4881591796875,632.5560913085938,757.5658569335938,665.1207885742188,747.1451416015625,637.7664184570312,719.790771484375,546.5851440429688,908.6663208007812,590.8731689453125,924.2974243164062,670.3311767578125,915.1793212890624,baseline
00511-phase1-1-2022-06-22 10-40-29,img_1948.jpg,1948,815.203857421875,233.3240509033203,636.3140869140625,314.33074951171875,735.8848266601562,321.0813293457031,695.3814697265625,233.3240509033203,514.8040161132812,277.20269775390625,457.4242858886719,245.1375274658203,481.0512390136719,278.89031982421875,509.7411193847656,245.1375274658203,295.410888671875,184.38250732421875,278.53448486328125,240.0746154785156,319.037841796875,332.8948059082031,baseline
00511-phase1-1-2022-06-22 10-40-29,img_2030.jpg,2030,812.943359375,336.1477355957031,673.2553100585938,496.7086791992188,772.8031005859375,456.5684509277344,692.5226440429688,360.2319030761719,535.1729125976562,546.4826049804688,474.1597290039063,575.383544921875,515.9055786132812,578.5947875976562,498.243896484375,538.4545288085938,310.3875732421875,666.9032592773438,332.8661193847656,710.2547607421875,446.8643798828125,756.8174438476562,baseline
00511-phase1-1-2022-06-22 10-40-29,img_2353.jpg,2353,934.1407470703124,390.7441101074219,814.6116943359375,540.1553955078125,909.691650390625,523.8560180664062,832.2694091796875,398.8938293457031,684.2163696289062,659.6844482421875,636.6764526367188,697.7164306640625,673.35009765625,696.358154296875,655.6924438476562,665.1176147460938,523.9387817382812,862.06884765625,568.76220703125,879.7265625,644.8261108398438,881.0848388671875,baseline
00511-phase1-1-2022-06-22 10-40-29,img_2388.jpg,2388,1124.6312255859375,305.50750732421875,1201.20849609375,514.2422485351562,1115.9854736328125,426.5489501953125,1219.7352294921875,361.0877685546875,1319.7796630859375,577.2332153320312,1361.773681640625,614.2866821289062,1318.5445556640625,608.1111450195312,1354.3629150390625,573.52783203125,1491.4609375,714.3311767578125,1459.347900390625,769.911376953125,1366.714111328125,768.67626953125,baseline
00511-phase1-1-2022-06-22 10-40-29,img_2562.jpg,2562,881.0258178710938,384.6546325683594,794.7800903320312,538.121337890625,889.904052734375,534.3163452148438,798.5850219726562,404.94775390625,679.3629760742188,676.3681640625,638.7767333984375,715.6860961914062,671.7530517578125,711.8811645507812,648.9232788085938,681.4414672851562,523.359619140625,874.22607421875,572.8240966796875,897.0558471679688,648.9232788085938,894.5192260742188,baseline
00511-phase1-1-2022-06-22 10-40-29,img_2748.jpg,2748,889.4205322265625,389.2583618164063,803.9573364257812,513.6826782226562,901.9886474609376,524.9940185546875,808.984619140625,396.7992248535156,690.8442993164062,664.5001220703125,639.3150024414062,705.974853515625,678.2761840820312,702.2044677734375,656.910400390625,670.7841796875,536.2564697265625,863.0763549804688,576.4744262695312,878.1580810546875,648.1127319335938,883.185302734375,baseline
00511-phase1-1-2022-06-22 10-40-29,img_2866.jpg,2866,856.2694091796875,327.1042785644531,762.9491577148438,497.5152282714844,825.1626586914062,462.35107421875,752.12939453125,390.6702575683594,618.235107421875,538.0892944335938,569.5462646484375,544.8516235351562,597.9480590820312,552.9664306640625,587.1283569335938,519.1547241210938,428.88958740234375,601.6552734375,438.35687255859375,654.4014892578125,519.5049438476562,703.09033203125,baseline
00511-phase1-1-2022-06-22 10-40-29,img_3046.jpg,3046,913.512939453125,316.508056640625,775.5331420898438,454.4878234863281,864.2344360351562,441.3468933105469,798.52978515625,367.4291687011719,635.9107666015625,454.4878234863281,568.5635375976562,438.0616455078125,603.0584716796875,467.6287536621094,604.7011108398438,424.9207153320313,394.44622802734375,426.5633544921875,391.1609802246094,475.8418273925781,466.7213439941406,567.8283081054688,baseline
00511-phase1-1-2022-06-22 10-40-29,img_3126.jpg,3126,943.1451416015624,326.0535888671875,842.118896484375,497.35888671875,943.1451416015624,459.2910461425781,839.1906127929688,364.1214294433594,710.3455810546875,561.7813720703125,662.0287475585938,601.3134155273438,692.7758178710938,599.8492431640625,682.5267944335938,554.4606323242188,512.6856689453125,725.7659912109375,537.576171875,760.905517578125,631.2816162109375,787.2601928710938,baseline
00511-phase1-1-2022-06-22 10-40-29,img_3210.jpg,3210,859.5372314453125,379.0651550292969,789.2607421875,556.6058959960938,859.5372314453125,502.3573303222656,780.6302490234375,460.43798828125,668.4343872070312,674.9663696289062,619.1174926757812,704.5565185546875,654.8722534179688,705.7894287109375,628.9808959960938,673.7334594726562,500.7570190429688,853.7400512695312,535.27880859375,880.8643188476562,630.2138061523438,883.3301391601562,baseline
00511-phase1-1-2022-06-22 10-40-29,img_3345.jpg,3345,791.5819702148438,393.1714782714844,747.8828735351562,577.4163208007812,814.0220947265625,510.0960693359375,726.6239013671875,474.6643676757813,636.8635864257812,678.9871826171875,590.8023681640625,716.781005859375,625.052978515625,708.5136108398438,599.0697631835938,684.8924560546875,482.1451416015625,850.2403564453125,511.6715698242188,882.12890625,625.052978515625,878.5857543945312,baseline
00511-phase1-1-2022-06-22 10-40-29,img_3380.jpg,3380,958.8024291992188,347.8095397949219,845.191162109375,492.2781372070313,954.5946044921876,465.6286010742188,862.0224609375,368.8486328125,731.5799560546875,551.1876831054688,674.0730590820312,579.2398071289062,710.5408325195312,580.6424560546875,697.9173583984375,541.369384765625,518.3836059570312,705.4745483398438,546.4357299804688,736.3319091796875,622.1765747070312,764.384033203125,baseline
00511-phase1-1-2022-06-22 10-40-29,img_3416.jpg,3416,926.282958984375,361.3946838378906,814.1726684570312,545.9664916992188,922.1813354492188,496.7473754882813,812.805419921875,386.0042724609375,696.5935668945312,615.6936645507812,654.2103881835938,655.3424072265625,685.6559448242188,653.9752197265625,665.14794921875,614.3264770507812,510.6545104980469,793.4295043945312,537.9984741210938,823.5078735351562,625.4992065429688,850.8518676757812,baseline
00511-phase1-1-2022-06-22 10-40-29,img_3471.jpg,3471,701.8302001953125,450.2293701171875,619.7092895507812,637.4166870117188,678.8846435546875,561.3341064453125,608.8403930664062,533.5579223632812,500.1509704589844,729.1988525390625,445.8062438964844,770.2593383789062,479.6207275390625,766.6363525390625,456.6752014160156,734.029541015625,354.0240783691406,909.1402587890624,385.4232482910156,928.4628295898438,479.6207275390625,933.29345703125,baseline
00511-phase1-1-2022-06-22 10-40-29,img_3532.jpg,3532,869.8624267578125,372.7235107421875,786.6914672851562,555.4476318359375,869.8624267578125,498.7401428222656,780.390625,430.691162109375,668.23583984375,660.0414428710938,622.869873046875,699.1065673828125,656.8943481445312,691.5455932617188,632.951171875,667.6024169921875,503.1540832519531,844.0256958007812,544.7395629882812,876.7900390625,634.2113647460938,881.8306884765625,baseline
00511-phase1-1-2022-06-22 10-40-29,img_3649.jpg,3649,900.138916015625,367.7547912597656,807.2766723632812,537.7841796875,898.8309936523438,515.549560546875,803.3529663085938,410.91607666015625,700.0274047851562,647.6492919921875,646.4027709960938,681.6551513671875,681.716552734375,680.3472290039062,658.1740112304688,651.5730590820312,519.53466796875,832.0657348632812,554.8484497070312,866.0715942382812,647.710693359375,873.9191284179688,baseline
00511-phase1-1-2022-06-22 10-40-29,img_3785.jpg,3785,688.501220703125,236.98110961914065,535.1800537109375,251.7590484619141,614.6115112304688,290.5511474609375,586.90283203125,200.03623962402344,391.0950622558594,203.7307281494141,348.60845947265625,168.6331024169922,363.3864135742188,203.7307281494141,387.4005737304688,174.17483520507812,174.96759033203125,78.11817932128906,149.10618591308594,103.9795913696289,165.73138427734375,236.98110961914065,baseline
00511-phase1-1-2022-06-22 10-40-29,img_3826.jpg,3826,927.7289428710938,369.5246276855469,815.8482055664062,535.2738647460938,911.1539916992188,504.8865356445313,822.75439453125,423.3931579589844,681.8675537109375,654.0608520507812,637.667724609375,680.3045043945312,663.911376953125,683.0669555664062,652.8613891601562,649.9171142578125,510.5932922363281,839.1475219726562,546.505615234375,865.3911743164062,645.9552001953125,865.3911743164062,baseline
00511-phase1-1-2022-06-22 10-40-29,img_3964.jpg,3964,876.9854125976562,355.0412902832031,966.795654296875,489.1058349609375,871.7789916992188,459.1690979003906,948.5733032226562,370.6604614257813,1089.1458740234375,554.1857299804688,1133.400146484375,577.614501953125,1102.161865234375,580.2177124023438,1104.7650146484375,543.77294921875,1262.25830078125,699.9646606445312,1238.82958984375,714.2822265625,1169.8448486328125,740.314208984375,baseline
00511-phase1-1-2022-06-22 10-40-29,img_4002.jpg,4002,554.312744140625,457.6446533203125,459.5814208984375,649.7758178710938,547.6415405273438,596.4060668945312,451.5759582519531,527.0253295898438,322.1542663574219,771.1920776367188,271.4529724121094,823.2276000976562,307.4775695800781,816.5563354492188,288.79815673828125,777.86328125,166.0476837158203,943.3095703125,202.07228088378903,975.3314208984376,316.8172912597656,975.3314208984376,baseline
00511-phase1-1-2022-06-22 10-40-29,img_4192.jpg,4192,744.1207275390625,328.18865966796875,614.6822509765625,504.69573974609375,704.89697265625,455.0122680664063,639.5239868164062,388.3318176269531,502.24072265625,585.7582397460938,451.2497863769531,619.752197265625,483.936279296875,613.2149047851562,468.2467651367188,583.143310546875,337.50079345703125,729.5787963867188,366.264892578125,764.8801879882812,468.2467651367188,789.721923828125,baseline
00511-phase1-1-2022-06-22 10-40-29,img_4362.jpg,4362,724.4724731445312,308.4783020019531,619.3406982421875,483.6979370117188,695.0355834960938,430.43115234375,626.3494873046875,374.3609008789063,490.3790893554688,522.9471435546875,435.7105712890625,536.9646606445312,467.9509582519531,546.7769775390625,462.3439331054688,507.5278015136719,292.7313537597656,608.4542846679688,309.55242919921875,654.7122802734375,399.264892578125,706.5772705078125,baseline
00511-phase1-1-2022-06-22 10-40-29,img_4447.jpg,4447,640.4589233398438,326.1526184082031,568.9904174804688,490.92718505859375,625.5696411132812,437.3258056640625,566.0125732421875,389.6801452636719,468.7360229492188,571.3292236328125,432.0091552734375,589.1963500976562,451.8615112304688,588.2037353515625,438.95745849609375,564.3809204101562,335.7252197265625,686.472900390625,359.54803466796875,718.2366943359375,445.9057922363281,735.1112060546875,baseline
00511-phase1-1-2022-06-22 10-40-29,img_4707.jpg,4707,632.7492065429688,323.8623046875,572.0835571289062,502.7214660644531,630.6572875976562,427.412353515625,563.7158813476562,405.4471740722656,480.0390625,586.3982543945312,442.3844909667969,610.4553833007812,466.4415588378906,603.1336669921875,452.8440856933594,581.16845703125,357.6617126464844,709.8215942382812,375.4430541992188,740.1544189453125,473.7633056640625,751.6599731445312,baseline
00511-phase1-1-2022-06-22 10-40-29,img_4848.jpg,4848,692.7095947265625,480.6982727050781,562.7472534179688,601.3775634765625,669.5020141601562,584.3587036132812,590.5963134765625,505.4530029296875,431.2377624511719,633.8681640625,364.70941162109375,636.9625244140625,401.8415222167969,653.9813842773438,398.7471618652344,612.207763671875,206.89801025390625,658.6228637695312,217.72821044921875,714.321044921875,291.9924011230469,779.3021850585938,baseline
00511-phase1-1-2022-06-22 10-40-29,img_5029.jpg,5029,854.6846923828125,272.0917053222656,718.3491821289062,409.9091491699219,785.0350341796875,386.1986083984375,728.7225341796875,303.2117614746094,589.4232177734375,438.0653991699219,536.0745239257812,451.4025573730469,567.194580078125,461.7759094238281,562.7488403320312,421.764404296875,390.8475036621094,524.0160522460938,408.6304016113281,562.545654296875,490.1353454589844,618.858154296875,baseline
00511-phase1-1-2022-06-22 10-40-29,img_5094.jpg,5094,779.3380126953125,316.9997863769531,618.9032592773438,422.8536682128906,713.1793212890625,414.5838317871094,673.484130859375,318.6537780761719,503.1255798339844,386.4664001464844,443.582763671875,364.96484375,466.7383117675781,394.7362365722656,478.3160705566406,356.69500732421875,268.2622985839844,348.4251708984375,266.6083068847656,386.4664001464844,332.7669982910156,484.0504455566406,baseline
00511-phase1-1-2022-06-22 10-40-29,img_5421.jpg,5421,766.7847290039062,173.0111541748047,635.3511352539062,323.8610534667969,726.45849609375,285.0284118652344,657.7545776367188,228.27301025390625,524.8274536132812,344.7709350585937,469.5656127929688,350.74517822265625,491.9690856933594,362.6936950683594,490.47552490234375,328.3417358398437,312.7414855957031,394.05853271484375,320.20928955078125,449.32037353515625,387.4196472167969,513.5435791015625,baseline
00511-phase1-1-2022-06-22 10-40-29,img_5459.jpg,5459,699.6688232421875,429.4315490722656,631.8968505859375,623.6242065429688,704.8820190429688,544.12255859375,612.3472290039062,515.4497680664062,501.5661926269531,714.855712890625,444.220703125,751.3482666015625,484.6231994628906,751.3482666015625,463.7702941894531,708.3391723632812,324.3164978027344,880.3756103515625,358.20245361328125,906.4417724609376,459.8603820800781,914.2615966796876,baseline
00511-phase1-1-2022-06-22 10-40-29,img_5599.jpg,5599,725.7125854492188,215.30902099609372,869.1146850585938,338.9933776855469,783.0734252929688,328.2382202148437,845.8118896484375,220.6865997314453,1025.0645751953125,373.0513916015625,1089.595458984375,387.3916015625,1055.5374755859375,394.5617065429688,1060.9150390625,364.0887451171875,1279.6033935546875,473.4328918457031,1263.4705810546875,507.4908752441406,1166.6741943359375,550.5115356445312,baseline
00511-phase1-1-2022-06-22 10-40-29,img_5630.jpg,5630,1245.1734619140625,473.6924133300781,1336.547607421875,654.9668579101562,1243.69970703125,606.3322143554688,1330.6524658203125,532.6434326171875,1466.2398681640625,772.868896484375,1516.34814453125,812.6608276367188,1486.8726806640625,802.3444213867188,1507.5054931640625,762.552490234375,1643.0928955078125,942.3530883789062,1604.7747802734375,967.4072875976562,1519.2957763671875,968.8810424804688,baseline
00511-phase1-1-2022-06-22 10-40-29,img_5704.jpg,5704,943.9996948242188,219.186767578125,1057.258056640625,421.93310546875,967.7699584960938,346.42755126953125,1065.6474609375,287.7010498046875,1204.0743408203125,482.057861328125,1251.6148681640625,512.8193969726562,1219.455078125,512.8193969726562,1227.8446044921875,477.8631286621094,1387.2451171875,613.493408203125,1362.07666015625,644.2549438476562,1262.80078125,672.219970703125,baseline
00511-phase1-1-2022-06-22 10-40-29,img_5771.jpg,5771,822.6923217773438,329.3158874511719,990.3936767578124,421.9010009765625,924.0119018554688,421.9010009765625,948.4683227539062,339.7972106933594,1140.6260986328125,366.0005493164063,1184.29833984375,350.2785339355469,1161.5887451171875,372.9880981445313,1158.094970703125,343.2909851074219,1381.69677734375,350.2785339355469,1378.2030029296875,381.7225341796875,1299.593017578125,467.3201293945313,baseline
00511-phase1-1-2022-06-22 10-40-29,img_5801.jpg,5801,593.7265014648438,446.5515441894531,503.697998046875,640.4591064453125,584.0311279296875,573.9765014648438,489.8474426269531,525.4996337890625,355.4972229003906,758.188720703125,300.0950622558594,795.5851440429688,337.49151611328125,792.8150634765625,312.560546875,754.0335083007812,183.75051879882807,916.0848388671876,221.14697265625,943.7859497070312,327.796142578125,949.326171875,baseline
00511-phase1-1-2022-06-22 10-40-29,img_5859.jpg,5859,582.3441162109375,417.61279296875,506.4535827636719,600.2645263671875,568.1950073242188,533.3779907226562,487.1593933105469,507.6523742675781,390.6883850097656,727.6062622070312,358.5314025878906,777.7711791992188,381.6844482421875,764.9083862304688,361.1039733886719,743.0416259765625,278.78204345703125,916.6893920898438,312.2253112792969,935.9835815429688,411.2688903808594,930.8385009765624,baseline
00511-phase1-1-2022-06-22 10-40-29,img_5938.jpg,5938,854.0621948242188,214.50425720214844,982.26220703125,341.039306640625,884.031005859375,332.7146301269531,963.9478759765624,236.14840698242188,1113.7919921875,351.0289306640625,1175.3946533203125,346.0341186523437,1137.1011962890625,366.0133361816406,1142.095947265625,326.0549011230469,1355.2076416015625,371.0081481933594,1348.5478515625,424.28607177734375,1278.62060546875,495.8782653808594,baseline
00511-phase1-1-2022-06-22 10-40-29,img_6152.jpg,6152,1244.6868896484375,452.3316955566406,1310.57861328125,625.1143798828125,1209.544677734375,595.8291625976562,1323.7569580078125,488.9381713867188,1461.3974609375,762.7548217773438,1509.718017578125,794.9685668945312,1474.57568359375,799.361328125,1493.611083984375,749.5764770507812,1629.787353515625,922.3591918945312,1590.2523193359375,944.3230590820312,1478.968505859375,948.7158813476562,baseline
00511-phase1-1-2022-06-22 10-40-29,img_6244.jpg,6244,1285.6363525390625,499.4703063964844,1368.429931640625,675.8096923828125,1312.5174560546875,606.9943237304688,1381.332763671875,574.7371215820312,1484.5557861328125,771.506103515625,1529.7159423828125,808.064208984375,1504.9853515625,806.989013671875,1513.5872802734375,774.7318115234375,1601.7569580078125,915.5882568359376,1581.327392578125,930.6416015625,1497.458740234375,940.3187866210938,baseline
00511-phase1-1-2022-06-22 10-40-29,img_6307.jpg,6307,745.2848510742188,359.2636108398437,886.593505859375,547.2041015625,789.090576171875,506.224609375,859.744873046875,404.4823913574219,1046.2723388671875,671.5557250976562,1098.5565185546875,725.2530517578125,1054.7508544921875,706.8828735351562,1085.8387451171875,677.2080688476562,1186.1678466796875,886.3449096679688,1132.4705810546875,908.9542846679688,1044.8592529296875,901.8888549804688,baseline
00511-phase1-1-2022-06-22 10-40-29,img_6395.jpg,6395,785.6876831054688,318.88238525390625,954.3720092773438,447.2291564941406,840.6934204101562,432.56097412109375,928.70263671875,340.8846740722656,1099.220458984375,425.2268676757813,1176.2286376953125,401.3910217285156,1135.8909912109375,432.56097412109375,1135.8909912109375,386.7228393554688,1377.9163818359375,383.0557861328125,1374.2493896484375,430.7274475097656,1295.40771484375,527.904296875,baseline
00511-phase1-1-2022-06-22 10-40-29,img_6439.jpg,6439,781.3005981445312,407.38128662109375,707.6311645507812,577.9841918945312,765.7911987304688,510.7769775390625,672.735107421875,443.56976318359375,588.72607421875,671.040283203125,530.5659790039062,720.1532592773438,573.2167358398438,712.3986206054688,544.7828979492188,674.9176635742188,409.0760498046875,870.0770263671875,442.6796569824219,889.4637451171875,560.292236328125,884.2939453125,baseline
00511-phase1-1-2022-06-22 10-40-29,img_6926.jpg,6926,855.4874877929688,291.06060791015625,1016.3076171875,376.8313293457031,925.9420166015624,395.2107849121094,965.76416015625,283.40252685546875,1140.3687744140625,343.1357116699219,1175.5960693359375,323.2246398925781,1152.621826171875,347.7305603027344,1155.68505859375,304.84521484375,1305.7838134765625,314.034912109375,1308.8470458984375,343.1357116699219,1262.8984375,439.6277465820313,baseline
00511-phase1-1-2022-06-22 10-40-29,img_6986.jpg,6986,932.0135498046876,235.11915588378903,1043.37158203125,376.8475341796875,1006.6740112304688,336.35369873046875,973.7728271484376,276.87841796875,1158.52587890625,336.35369873046875,1204.0814208984375,318.6376647949219,1190.16162109375,342.6808776855469,1182.569091796875,307.248779296875,1316.704833984375,303.4524841308594,1326.8282470703125,347.7425842285156,1291.396240234375,428.730224609375,baseline
00511-phase1-1-2022-06-22 10-40-29,img_7126.jpg,7126,817.504638671875,293.6442565917969,982.7579956054688,433.47406005859375,904.6712646484376,400.78656005859375,950.070556640625,335.41162109375,1124.40380859375,413.4983825683594,1191.5947265625,408.0504760742188,1155.2752685546875,431.6580810546875,1153.4593505859375,388.0747680664063,1375.0078125,431.6580810546875,1373.19189453125,477.057373046875,1289.6572265625,551.51220703125,baseline
00511-phase1-1-2022-06-22 10-40-29,img_7397.jpg,7397,825.3494873046875,320.06842041015625,954.2218627929688,492.9089965820313,846.5755615234375,445.9084777832031,949.6734619140624,361.0043640136719,1080.0618896484375,570.232421875,1137.6754150390625,605.103759765625,1096.739501953125,614.2006225585938,1117.965576171875,556.5870971679688,1292.322265625,714.2662353515625,1261.9993896484375,759.7506103515625,1175.5791015625,773.3958740234375,baseline
00511-phase1-1-2022-06-22 10-40-29,img_7449.jpg,7449,770.543212890625,288.55877685546875,922.9224243164062,435.2943420410156,849.5546264648438,410.8384094238281,915.3975219726562,337.4706420898437,1082.8265380859375,424.0069885253906,1148.66943359375,407.0759582519531,1120.4510498046875,437.1755676269531,1111.044921875,390.1449279785156,1342.435546875,416.4820861816406,1325.5045166015625,448.4629211425781,1254.0179443359375,551.9302978515625,baseline
00511-phase1-1-2022-06-22 10-40-29,img_7508.jpg,7508,796.5365600585938,279.32574462890625,949.0071411132812,437.4433898925781,866.18359375,409.2080993652344,930.18359375,318.85516357421875,1109.007080078125,443.0904541015625,1176.7718505859375,448.7375183105469,1142.8895263671875,463.79632568359375,1141.007080078125,424.2669372558594,1353.7130126953125,475.0904541015625,1346.18359375,525.9140014648438,1244.5364990234375,610.619873046875,baseline
00511-phase1-1-2022-06-22 10-40-29,img_7607.jpg,7607,702.9544677734375,226.21864318847656,853.4595336914062,360.7879028320313,779.0923461914062,348.39337158203125,832.2117919921875,238.61317443847656,986.2581787109376,383.8063354492188,1055.3134765625,382.0357055664063,1016.3591918945312,397.9715270996094,1019.9005126953124,360.7879028320313,1235.9195556640625,431.6138610839844,1228.8370361328125,482.962646484375,1152.6990966796875,543.1646728515625,baseline
00511-phase1-1-2022-06-22 10-40-29,img_7640.jpg,7640,848.92431640625,235.08868408203125,672.7787475585938,363.493896484375,786.3679809570312,347.0316772460937,741.9199829101562,282.8290710449219,527.9113159179688,356.90899658203125,480.1709289550781,350.3241271972656,506.5104675292969,373.3712158203125,513.0953369140625,333.8619079589844,276.0395812988281,350.3241271972656,280.9782409667969,394.7720642089844,341.888427734375,482.0217590332031,baseline
00511-phase1-1-2022-06-22 10-40-29,img_7735.jpg,7735,704.1968383789062,392.3716430664063,566.5191040039062,536.1683959960938,670.5422973632812,496.3948059082031,590.9951782226562,429.085693359375,418.1331176757813,569.8229370117188,361.53228759765625,579.0014038085938,387.5380859375,591.2394409179688,389.0678405761719,551.4658813476562,208.5570526123047,632.5427856445312,216.205810546875,678.4353637695312,320.2289733886719,733.5064086914062,baseline
00511-phase1-1-2022-06-22 10-40-29,img_7819.jpg,7819,604.77734375,329.4098205566406,540.3945922851562,522.55810546875,599.7277221679688,453.125732421875,526.5081176757812,410.2038879394531,425.5155334472656,633.6499633789062,385.1184997558594,676.57177734375,415.4162902832031,671.5221557617188,395.2177734375,636.1747436523438,300.5372314453125,806.5997314453125,333.3598022460937,835.6350708007812,429.3027648925781,841.9471435546875,baseline
00511-phase1-1-2022-06-22 10-40-29,img_7855.jpg,7855,852.748779296875,322.212890625,771.5512084960938,481.98876953125,825.2463989257812,440.0803527832031,765.0029907226562,382.4562683105469,647.1355590820312,512.1104736328125,598.678955078125,512.1104736328125,623.5620727539062,530.4453735351562,622.25244140625,491.15625,444.1416320800781,555.3285522460938,448.0705261230469,607.7140502929688,524.029541015625,667.9573974609375,baseline
00511-phase1-1-2022-06-22 10-40-29,img_8126.jpg,8126,746.4402465820312,374.2361450195313,734.4591064453125,561.142578125,760.8176879882812,486.8592529296875,688.9306030273438,478.472412109375,672.1569213867188,664.1807250976562,619.4397583007812,695.331787109375,652.987060546875,689.3411865234375,631.4209594726562,664.1807250976562,541.5620727539062,822.332275390625,567.920654296875,845.0964965820312,657.779541015625,848.6908569335938,baseline
00511-phase1-1-2022-06-22 10-40-29,img_8229.jpg,8229,714.671630859375,410.3923645019531,714.671630859375,611.144775390625,739.0052490234375,523.543701171875,670.87109375,508.9435424804688,655.0542602539062,713.345947265625,625.8538818359375,746.1963500976562,651.4041748046875,735.2462158203125,634.3706665039062,706.0458984375,552.85302734375,867.864501953125,582.0533447265625,898.281494140625,673.304443359375,897.0648193359375,baseline
00511-phase1-1-2022-06-22 10-40-29,img_8708.jpg,8708,715.3233032226562,370.114501953125,690.9761962890625,547.1845092773438,725.2835083007812,463.0762634277344,659.9889526367188,460.8628845214844,621.2548828125,630.1860961914062,583.6275024414062,657.853271484375,606.867919921875,657.853271484375,593.5877075195312,630.1860961914062,507.26605224609375,765.2019653320312,536.0399169921875,798.4026489257812,623.46826171875,808.36279296875,baseline
00511-phase1-1-2022-06-22 10-40-29,img_8840.jpg,8840,720.3471069335938,417.76800537109375,712.9114379882812,598.7028198242188,740.1755981445312,534.2603149414062,680.690185546875,508.23541259765625,673.2545166015625,725.109375,644.7510375976562,762.2877807617188,675.7330322265625,749.8949584960938,645.9903564453125,732.5450439453125,586.5049438476562,896.1300048828125,621.2047729492188,912.2406005859376,714.1507568359375,903.565673828125,baseline
00511-phase1-1-2022-06-22 10-40-29,img_9531.jpg,9531,743.177490234375,391.6937255859375,722.98046875,586.08984375,753.2760009765625,521.7119140625,688.8980712890625,495.203369140625,682.5864868164062,709.7965087890625,654.8156127929688,748.9281616210938,682.5864868164062,737.5673828125,657.3402099609375,718.6326904296875,592.9622802734375,890.3071899414062,628.3070678710938,899.1433715820312,728.0297241210938,891.5695190429688,baseline
00511-phase1-1-2022-06-22 10-40-29,img_9618.jpg,9618,888.2273559570312,348.11248779296875,797.5197143554688,522.0577392578125,859.4143676757812,454.8273620605469,804.98974609375,418.5443115234375,713.2149658203125,603.1610107421875,666.2604370117188,629.8397216796875,696.140625,626.6383056640625,681.2005004882812,597.8252563476562,562.7470092773438,730.1517333984375,589.4257202148438,764.3004760742188,673.73046875,792.0463256835938,baseline
00511-phase1-1-2022-06-22 10-40-29,img_9675.jpg,9675,813.91455078125,334.9361877441406,740.9622802734375,510.4776611328125,797.9562377929688,437.5253601074219,723.8640747070312,409.02838134765625,625.8344116210938,572.0311889648438,576.819580078125,589.12939453125,604.1766967773438,593.6889038085938,592.7778930664062,561.7722778320312,459.4119873046875,676.9000854492188,478.7899475097656,713.3762817382812,562.0011596679688,747.5726318359375,baseline
00511-phase1-1-2022-06-22 10-40-29,img_9783.jpg,9783,719.35400390625,411.5860290527344,674.1951904296875,596.974853515625,714.6004638671875,513.7875366210938,648.0505981445312,493.5849304199219,596.9498901367188,701.5531616210938,568.4285278320312,738.3932495117188,592.1962890625,731.262939453125,571.99365234375,708.6835327148438,491.1831665039063,860.7974243164062,524.4580688476562,881.0000610351562,620.7176513671875,877.4348754882812,baseline
00511-phase1-1-2022-06-22 10-40-29,img_10382.jpg,10382,782.8943481445312,374.084228515625,738.0027465820312,547.584228515625,790.174072265625,479.6401672363281,708.8838500976562,454.1611328125,640.9398193359375,655.5667114257812,602.1146850585938,691.96533203125,628.8069458007812,682.259033203125,608.1810913085938,659.2066040039062,512.3314208984375,835.1331176757812,545.0902099609375,853.3324584960938,638.5132446289062,855.759033203125,baseline
00511-phase1-1-2022-06-22 10-40-29,img_11007.jpg,11007,793.4202880859375,380.5903930664063,749.8140258789062,559.9990844726562,784.6990356445312,488.983154296875,717.4207763671875,461.573486328125,671.3226928710938,672.1295776367188,637.68359375,710.7522583007812,661.3555297851562,699.5392456054688,641.4212646484375,678.3590087890625,555.45458984375,859.0136108398438,590.339599609375,875.2102661132812,687.5193481445312,871.4725952148438,baseline
00511-phase1-1-2022-06-22 10-40-29,img_11255.jpg,11255,702.6793212890625,408.53521728515625,697.9240112304688,595.1807861328125,726.455810546875,501.2635803222656,657.5039672851562,495.3194580078125,638.4827270507812,687.9091796875,614.7062377929688,730.7068481445312,631.3497924804688,720.0074462890625,611.1397705078125,698.6085815429688,545.75439453125,857.9111938476562,582.6079711914062,882.8765258789062,682.4692993164062,876.932373046875,baseline
00511-phase1-1-2022-06-22 10-40-29,img_11827.jpg,11827,758.0482177734375,376.78076171875,732.1082763671875,580.5946655273438,772.8710327148438,508.9509887695313,702.4625854492188,476.8348388671875,688.875,685.5896606445312,659.2293701171875,723.8820190429688,680.2283325195312,710.2943725585938,659.2293701171875,694.236328125,598.7028198242188,854.8169555664062,629.5836791992188,872.1102905273438,733.343505859375,860.9931640625,baseline
00511-phase1-1-2022-06-22 10-40-29,img_12241.jpg,12241,813.5753173828125,363.9376831054688,751.5988159179688,547.5283203125,806.55908203125,465.6726379394531,735.2277221679688,439.9465637207031,642.84765625,629.384033203125,600.7504272460938,662.1263427734375,631.1539916992188,655.110107421875,612.4441528320312,631.7227783203125,499.0155029296875,776.724365234375,532.9271240234375,815.3134765625,615.9522094726562,827.0071411132812,baseline
00511-phase1-1-2022-06-22 10-40-29,img_12275.jpg,12275,832.473388671875,378.2105407714844,766.488525390625,551.726318359375,799.48095703125,484.5195007324219,739.6057739257812,447.8612365722656,672.3989868164062,658.0352783203125,634.518798828125,695.9154663085938,660.1795654296875,689.8057250976562,641.8504028320312,664.1449584960938,544.0950927734375,842.5484619140625,579.5313720703125,859.6556396484375,667.51123046875,862.0995483398438,baseline
00511-phase1-1-2022-06-22 10-40-29,img_12362.jpg,12362,493.7350158691406,466.3416442871094,465.9946594238281,660.5240478515625,504.8311462402344,580.6318359375,437.1447143554688,562.8780517578125,398.3082275390625,764.8276977539062,361.6909790039063,791.4584350585938,388.32171630859375,791.4584350585938,372.787109375,757.0604248046875,287.34686279296875,884.666015625,316.1968078613281,917.9544067382812,399.4178466796875,917.9544067382812,baseline
00511-phase1-1-2022-06-22 10-40-29,img_12471.jpg,12471,938.215087890625,234.2708740234375,797.6923828125,359.7862854003906,861.8143920898438,336.5932312011719,834.5284423828125,265.64971923828125,695.3700561523438,343.4147033691406,646.2553100585938,325.6788330078125,663.9912109375,352.9647827148437,674.9055786132812,314.76446533203125,500.2754211425781,335.2289123535156,492.0896301269531,372.0649719238281,554.8473510742188,456.6514587402344,baseline
00511-phase1-1-2022-06-22 10-40-29,img_12634.jpg,12634,870.0848388671875,257.62652587890625,796.213623046875,436.4162902832031,856.1671142578125,360.4038696289063,787.6488647460938,334.70953369140625,691.2951049804688,508.1463317871094,636.6946411132812,532.7700805664062,666.6713256835938,533.8406372070312,657.0359497070312,503.8639221191406,530.7054443359375,633.40625,551.0468139648438,660.171142578125,650.6123657226562,686.9360961914062,baseline
00511-phase1-1-2022-06-22 10-40-29,img_12819.jpg,12819,752.44482421875,352.4447021484375,714.2412719726562,531.5237426757812,746.4755249023438,463.47369384765625,690.3640747070312,441.9842224121094,624.7017822265625,634.1956787109375,593.6614379882812,677.1746215820312,613.95703125,670.011474609375,598.4368896484375,641.3588256835938,511.2850646972656,814.4685668945312,548.2947387695312,833.5703125,642.6096801757812,838.3457641601562,baseline
00511-phase1-1-2022-06-22 10-40-29,img_12863.jpg,12863,800.4112548828125,346.8370666503906,737.8914794921875,541.8987426757812,765.4002075195312,455.6214599609375,707.8819580078125,441.86712646484375,660.366943359375,639.4296264648438,627.856689453125,679.4422607421875,652.8645629882812,673.1903076171875,634.108642578125,649.4328002929688,545.33056640625,813.234619140625,585.3432006835938,840.7432861328125,676.6220703125,845.744873046875,baseline
00511-phase1-1-2022-06-22 10-40-29,img_12896.jpg,12896,802.9534912109375,347.4097595214844,742.3386840820312,525.5430297851562,774.5016479492188,455.031982421875,713.8868408203125,437.7134399414063,660.6942749023438,635.6393432617188,628.5313110351562,676.4615478515625,652.0350341796875,669.039306640625,633.4794921875,644.298583984375,545.6498413085938,808.824462890625,583.9979858398438,836.0392456054688,679.2498168945312,840.9874267578125,baseline
00511-phase1-1-2022-06-22 10-40-29,img_12971.jpg,12971,716.8948974609375,378.50244140625,708.4609375,570.073974609375,733.7628173828125,492.9634094238281,665.0862426757812,476.0954895019531,647.0134887695312,668.871826171875,618.0970458984375,708.6319580078125,637.3746948242188,697.7882690429688,624.1212768554688,671.2815551757812,543.3961791992188,833.9365844726562,579.541748046875,862.85302734375,681.9542236328125,860.443359375,baseline
00511-phase1-1-2022-06-22 10-40-29,img_13027.jpg,13027,780.7794799804688,367.8116760253906,747.8572998046875,547.0545654296875,780.7794799804688,470.2361755371094,718.5932006835938,444.6300659179688,658.8455810546875,645.821044921875,629.5814208984375,678.7432250976562,655.1875610351562,673.8658447265625,634.4588012695312,648.2597045898438,540.5696411132812,816.528564453125,578.3692016601562,842.1346435546875,663.722900390625,844.5733642578125,baseline
00511-phase1-1-2022-06-22 10-40-29,img_13065.jpg,13065,645.5573120117188,379.68450927734375,577.0980834960938,581.0352783203125,654.9536743164062,500.4949645996094,558.3053588867188,464.2518310546875,456.2876281738281,713.9267578125,410.6481018066406,763.5933227539062,438.8372192382813,756.881591796875,422.7291564941406,717.9537963867188,316.6844177246094,909.908203125,352.92755126953125,924.6738891601562,460.3146362304688,912.5928955078124,baseline
00511-phase1-1-2022-06-22 10-40-29,img_13230.jpg,13230,827.176513671875,350.284423828125,776.6937866210938,537.4398803710938,827.176513671875,454.9437255859375,752.0680541992188,419.2364501953125,683.1160278320312,631.017578125,642.483642578125,670.4187622070312,667.1093139648438,664.2623291015625,649.871337890625,634.7114868164062,552.5997314453125,803.3976440429688,585.844482421875,832.948486328125,670.8031616210938,831.7171630859375,baseline
00511-phase1-1-2022-06-22 10-40-29,img_13317.jpg,13317,1014.5575561523438,267.5252380371094,861.840576171875,399.8799743652344,922.9273681640624,379.5177001953125,906.928466796875,268.97967529296875,697.4879760742188,386.7899475097656,671.3079223632812,376.6087951660156,687.3068237304688,398.425537109375,687.3068237304688,360.6098937988281,504.0464172363281,362.0643310546875,504.0464172363281,414.4244384765625,595.6766357421875,497.3279724121094,baseline
00511-phase1-1-2022-06-22 10-40-29,img_13394.jpg,13394,677.6991577148438,402.646484375,611.9351806640625,595.9925537109375,694.7978515625,514.4452514648438,567.2156982421875,469.7257385253906,498.8211669921875,730.151123046875,452.786376953125,774.87060546875,492.2447509765625,765.6636352539062,460.6780395507813,735.4122314453125,346.24871826171875,919.5513305664062,381.7612609863281,939.2805786132812,484.3530883789063,928.75830078125,baseline
00511-phase1-1-2022-06-22 10-40-29,img_13429.jpg,13429,886.6592407226562,255.36802673339844,762.97314453125,359.5247497558594,820.476318359375,310.7012634277344,810.711669921875,261.8778076171875,683.7706298828125,332.4006042480469,642.5419311523438,323.7208557128906,656.646484375,343.250244140625,660.986328125,316.1260986328125,551.40478515625,304.19146728515625,536.2152709960938,350.8450012207031,569.8492431640625,410.5181274414063,baseline
00511-phase1-1-2022-06-22 10-40-29,img_13539.jpg,13539,874.8719482421875,239.41554260253903,756.8806762695312,359.5328063964844,811.0928955078125,315.950439453125,798.3370361328125,264.9271850585937,677.1567993164062,346.7769775390625,638.8893432617188,332.95819091796875,648.4562377929688,354.2178649902344,655.8970947265625,325.5173034667969,532.5908813476562,327.64324951171875,524.0870361328125,366.97369384765625,576.1732788085938,428.6268005371094,baseline
00511-phase1-1-2022-06-22 10-40-29,img_13573.jpg,13573,943.659912109375,258.6807556152344,820.8551635742188,421.9387817382813,884.4246826171875,381.4854736328125,833.8580322265625,320.80548095703125,685.0476684570312,424.8283081054688,631.5914916992188,430.6073303222656,654.7076416015625,443.6101989746094,661.9314575195312,408.9359130859375,490.0048828125,460.94732666015625,500.11822509765625,505.7349243164063,573.801025390625,564.9701538085938,baseline
00511-phase1-1-2022-06-22 10-40-29,img_13607.jpg,13607,669.8447875976562,354.126953125,654.7545776367188,529.81982421875,692.4800415039062,445.7459411621094,623.496337890625,427.422119140625,559.9019775390625,602.037109375,517.8650512695312,621.4387817382812,543.7339477539062,620.3609008789062,537.2667236328125,597.7256469726562,414.3895263671875,716.2913818359375,434.8690490722656,756.1725463867188,514.6314697265625,780.9635620117188,baseline
00511-phase1-1-2022-06-22 10-40-29,img_13687.jpg,13687,858.2577514648438,266.5037841796875,805.9307861328125,447.9039611816406,853.6064453125,365.3436279296875,794.3025512695312,343.25,712.905029296875,535.1155395507812,658.25244140625,568.83740234375,693.1370849609375,563.0232543945312,679.1832275390625,535.1155395507812,551.2728271484375,678.1426391601562,579.1806030273438,715.3529052734375,667.5549926757812,729.3067626953125,baseline
00511-phase1-1-2022-06-22 10-40-29,img_13721.jpg,13721,835.2705688476562,333.3133850097656,791.9829711914062,517.2858276367188,813.6267700195312,436.7227478027344,772.7440185546875,415.0789184570313,701.8003540039062,614.6830444335938,656.1078491210938,650.7560424804688,687.3711547851562,643.5414428710938,671.739501953125,614.6830444335938,564.722900390625,790.2384033203125,598.3910522460938,807.072509765625,678.9541015625,817.8944091796875,baseline
00511-phase1-1-2022-06-22 10-40-29,img_13783.jpg,13783,580.6293334960938,443.6458435058594,529.2691040039062,628.5425415039062,585.7653198242188,552.7862548828125,506.1570434570313,529.6741943359375,398.3005981445313,767.215087890625,354.6444396972656,805.7352905273438,382.8925476074219,803.167236328125,368.76849365234375,762.0791015625,254.49205017089844,941.8397827148438,287.8761901855469,963.6679077148438,388.028564453125,966.2359008789062,baseline
00511-phase1-1-2022-06-22 10-40-29,img_13875.jpg,13875,722.9942626953125,272.19989013671875,579.6093139648438,358.8282775878906,673.7056884765625,358.8282775878906,625.9107055664062,273.6934814453125,463.1090393066406,330.45001220703125,415.3140563964844,314.0204772949219,440.70513916015625,340.9051513671875,448.1731262207031,305.0589294433594,264.461181640625,302.0717468261719,251.01882934570312,346.8795471191406,315.24334716796875,421.5592041015625,baseline
00511-phase1-1-2022-06-22 10-40-29,img_13978.jpg,13978,788.0444946289062,372.7954711914063,648.60888671875,517.3953857421875,748.45166015625,489.8525390625,657.2160034179688,398.6168823242188,500.5661010742188,522.5596923828125,442.0375671386719,510.5096740722656,473.0232543945313,534.6096801757812,474.7446899414063,491.573974609375,256.1234130859375,515.6739501953125,257.8448181152344,567.3167724609375,321.5376281738281,655.1095581054688,baseline
00511-phase1-1-2022-06-22 10-40-29,img_14106.jpg,14106,787.6151123046875,351.0931091308594,674.6058959960938,521.2418823242188,748.2523803710938,465.37213134765625,687.3035278320312,408.2326354980469,547.6292114257812,561.8743896484375,490.4897155761719,569.4929809570312,522.23388671875,585.9999389648438,514.6152954101562,545.367431640625,374.9409484863281,636.7906494140625,391.4479370117188,682.502197265625,472.7129821777344,734.5626831054688,baseline
00511-phase1-1-2022-06-22 10-40-29,img_14167.jpg,14167,753.8982543945312,425.4755554199219,656.6580200195312,601.7235107421875,733.2346801757812,539.7328491210938,661.52001953125,495.9747314453125,542.4006958007812,695.3172607421875,497.4270629882813,730.56689453125,521.7371215820312,720.8428344726562,508.3665771484375,695.3172607421875,385.6007385253906,839.962158203125,414.7728271484375,876.4273071289062,514.444091796875,891.0133056640625,baseline
00511-phase1-1-2022-06-22 10-40-29,img_14207.jpg,14207,738.5648803710938,419.5038146972656,656.4118041992188,599.0669555664062,724.4815063476562,541.559814453125,647.0228881835938,498.1360168457031,543.7447509765625,690.6089477539062,492.1056823730469,717.6021118164062,522.6196899414062,712.9076538085938,508.5362854003906,683.5672607421875,379.4385986328125,832.6163940429688,418.16790771484375,866.6512451171875,512.05712890625,885.4290771484375,baseline
00511-phase1-1-2022-06-22 10-40-29,img_14272.jpg,14272,710.58349609375,406.3073425292969,637.4448852539062,587.9349365234375,708.1455688476562,524.5481567382812,616.7222900390625,478.22698974609375,509.4522399902344,669.6064453125,454.5982666015625,692.7670288085938,491.1676025390625,690.3290405273438,477.75885009765625,657.4166870117188,332.7005310058594,801.2559814453125,359.5180358886719,834.1683959960938,455.8172607421875,860.9859008789062,baseline
00511-phase1-1-2022-06-22 10-40-29,img_14386.jpg,14386,699.5560913085938,422.1681518554688,639.1484985351562,597.35009765625,693.5153198242188,530.9017944335938,618.6099853515625,504.3224487304688,521.9578247070312,701.2510986328125,478.4643859863281,741.1201171875,511.08447265625,733.8712158203125,491.7540588378906,704.8755493164062,381.8122863769531,860.7271118164062,416.84869384765625,895.7634887695312,507.46002197265625,904.2205200195312,baseline
00511-phase1-1-2022-06-22 10-40-29,img_14451.jpg,14451,716.5150756835938,405.767822265625,649.6608276367188,587.2291870117188,702.1891479492188,510.8244018554688,631.7534790039062,484.5602416992188,538.6351318359375,682.7351684570312,495.6574401855469,718.5499267578125,526.6968994140625,712.580810546875,509.98333740234375,683.9290161132812,390.6008605957031,845.0953979492188,425.2217712402344,871.3594970703125,518.340087890625,882.1039428710938,baseline
00511-phase1-1-2022-06-22 10-40-29,img_14779.jpg,14779,727.313720703125,387.1831359863281,654.3960571289062,573.0055541992188,712.0245361328125,496.5596008300781,636.7546997070312,469.509521484375,532.0825805664062,660.0362548828125,481.5106506347656,689.4385375976562,510.9129333496094,684.7341918945312,497.9759521484375,654.1558227539062,362.7254638671875,807.0476684570312,395.656005859375,844.6826171875,499.1520385742188,858.7957153320312,baseline
00511-phase1-1-2022-06-22 10-40-29,img_14996.jpg,14996,762.5712890625,376.70257568359375,662.4881591796875,555.7987670898438,734.916748046875,499.1727600097656,658.5374755859375,435.96234130859375,536.0673217773438,613.7416381835938,484.7088317871094,637.445556640625,518.9478149414062,638.762451171875,504.4620971679688,604.5234375,350.38671875,720.4092407226562,371.4568481445313,763.8663940429688,464.9555969238281,800.7391357421875,baseline
00511-phase1-1-2022-06-22 10-40-29,img_15218.jpg,15218,719.2764892578125,368.35162353515625,645.1292724609375,541.7421264648438,702.1655883789062,482.4243469238281,634.8627319335938,433.3730773925781,527.6343994140625,583.9490356445312,478.5830993652344,596.4970703125,505.9605712890625,602.20068359375,500.2569274902344,570.2603149414062,358.8067626953125,663.7999267578125,375.9176635742188,710.5697631835938,448.9241943359375,752.7766723632812,baseline
00511-phase1-1-2022-06-22 10-40-29,img_15704.jpg,15704,693.2733764648438,387.5748291015625,658.526123046875,573.29296875,686.0842895507812,518.1766357421875,623.7788696289062,483.4293518066406,593.8243408203125,693.111083984375,560.2752685546875,721.867431640625,590.2297973632812,715.8765258789062,571.0588989257812,693.111083984375,471.6098327636719,846.4783325195312,505.1589050292969,866.847412109375,601.013427734375,871.64013671875,baseline
00511-phase1-1-2022-06-22 10-40-29,img_15754.jpg,15754,690.8770141601562,401.4436645507813,645.0883178710938,588.2132568359375,675.2124633789062,503.86572265625,622.1939697265625,484.5862731933594,552.3059692382812,683.405517578125,525.7967529296875,721.9644165039062,551.1010131835938,711.1197509765625,530.6166381835938,691.8402709960938,442.6541442871094,860.535400390625,475.188232421875,877.4049072265625,570.3804931640625,881.0198364257812,baseline
00511-phase1-1-2022-06-22 10-40-29,img_15798.jpg,15798,686.4161987304688,393.8405151367188,664.0265502929688,577.6709594726562,694.6649780273438,504.6101684570313,626.3177490234375,484.5773620605469,594.5009155273438,690.7974243164062,563.862548828125,721.4358520507812,593.3225708007812,712.0086059570312,568.5761108398438,694.3326416015625,480.1961059570313,838.0974731445312,510.8345336914063,858.1303100585938,595.6793212890625,864.0222778320312,baseline
00511-phase1-1-2022-06-22 10-40-29,img_17497.jpg,17497,694.8359985351562,391.0940551757813,653.7470703125,569.5374145507812,699.5318603515625,503.7951049804688,625.57177734375,479.1417541503906,584.4828491210938,685.7603759765625,542.219970703125,713.9356079101562,568.0473022460938,708.0657958984375,555.1336059570312,684.58642578125,452.998291015625,839.5503540039062,484.6954650878906,863.0297241210938,589.1787109375,864.2037353515625,baseline
00511-phase1-1-2022-06-22 10-40-29,img_17625.jpg,17625,658.7649536132812,393.66314697265625,626.3524169921875,593.9263305664062,656.4497680664062,500.1614990234375,591.6246948242188,488.5855712890625,548.7938232421875,698.1095581054688,523.3268432617188,732.8372802734375,549.951416015625,727.04931640625,527.9572143554688,705.0550537109375,458.5017395019531,864.8026123046875,485.1263427734375,875.220947265625,590.4671020507812,876.3785400390625,baseline
00511-phase1-1-2022-06-22 10-40-29,img_19048.jpg,19048,749.7094116210938,359.7730712890625,687.770263671875,549.1637573242188,740.1802978515625,465.7842102050781,666.329833984375,440.7703552246094,594.8616333007812,638.4990234375,556.7452392578125,675.4242553710938,582.9502563476562,669.4685668945312,562.700927734375,645.6458129882812,468.6011657714844,814.7872314453125,501.9529724121094,830.2720336914062,592.4793701171875,835.0365600585938,baseline
00511-phase1-1-2022-06-22 10-40-29,img_19093.jpg,19093,746.9564819335938,366.216552734375,691.1781005859375,554.16552734375,736.0432739257812,487.4739379882813,671.7769165039062,455.947021484375,607.510498046875,659.659423828125,569.9207153320312,696.03662109375,595.384765625,688.7611694335938,577.1961669921875,663.297119140625,480.1902465820313,843.9706420898438,517.780029296875,858.521484375,612.3607788085938,859.7340698242188,baseline
00511-phase1-1-2022-06-22 10-40-29,img_19204.jpg,19204,760.3675537109375,303.28692626953125,677.0503540039062,456.2423706054688,721.8178100585938,417.692626953125,677.0503540039062,370.4381103515625,562.6446533203125,476.1390380859375,511.6595153808594,471.1648559570313,532.7996826171875,489.8179626464844,540.2609252929688,451.2682189941406,371.1394348144531,489.8179626464844,374.87005615234375,545.7772827148438,442.021240234375,607.9542846679688,baseline
00511-phase1-1-2022-06-22 10-40-29,img_19287.jpg,19287,868.8138427734375,309.2587585449219,749.6680297851562,448.2622375488281,826.2617797851562,429.822998046875,759.5968627929688,336.2084045410156,612.0829467773438,434.07818603515625,562.4389038085938,435.4966125488281,583.7149047851562,451.0990295410156,586.5517578125,415.6389770507813,427.6906433105469,451.0990295410156,429.1090393066406,490.8143005371094,497.1923522949219,561.7344360351562,baseline
00511-phase1-1-2022-06-22 10-40-29,img_19327.jpg,19327,904.6388549804688,351.0541687011719,788.938232421875,519.7841796875,861.2510986328125,471.5755920410156,799.7852172851562,408.9044494628906,693.726318359375,572.8135986328125,645.5177612304688,602.9439086914062,673.2376708984375,599.3283081054688,666.0064086914062,565.582275390625,526.2015380859375,665.6150512695312,539.4589233398438,718.64453125,623.8239135742188,760.8270263671875,baseline
00511-phase1-1-2022-06-22 10-40-29,img_19374.jpg,19374,806.990478515625,325.71063232421875,753.8778076171875,498.8579406738281,793.18115234375,432.9982299804688,733.6950073242188,410.69091796875,646.5902099609375,533.9122924804688,598.788818359375,541.3480834960938,628.5318603515625,550.9083862304688,618.9716186523438,521.165283203125,473.44287109375,610.3945922851562,490.4389343261719,635.888671875,566.9212036132812,680.5032958984375,baseline
00511-phase1-1-2022-06-22 10-40-29,img_19454.jpg,19454,763.9744262695312,268.18963623046875,640.4694213867188,467.1698303222656,744.7625122070312,377.9718017578125,644.5863037109375,325.8252868652344,521.081298828125,556.3678588867188,459.328857421875,596.1638793945312,495.008056640625,593.4193725585938,475.7961730957031,550.8787231445312,341.31298828125,734.763916015625,368.758544921875,760.837158203125,478.5407409667969,773.1876831054688,baseline
00511-phase1-1-2022-06-22 10-40-29,img_19542.jpg,19542,829.5709228515625,360.7489318847656,771.5301513671875,536.0557861328125,835.4934692382812,478.0149841308594,751.3935546875,427.0812683105469,650.7105712890625,592.9120483398438,610.4373779296875,630.8162231445312,640.050048828125,622.524658203125,618.7289428710938,594.0965576171875,496.724853515625,733.8682250976562,525.1530151367188,772.9569091796875,618.7289428710938,794.2780151367188,baseline
00511-phase1-1-2022-06-22 10-40-29,img_19886.jpg,19886,804.7275390625,353.356689453125,759.821533203125,524.42724609375,803.6583862304688,457.0682373046875,744.8528442382812,426.0617065429688,680.701416015625,622.7928466796875,644.3489379882812,645.245849609375,666.8019409179688,640.9690551757812,650.7640380859375,620.6544189453125,569.5055541992188,746.8189697265625,598.3737182617188,769.27197265625,680.701416015625,783.1715087890625,baseline
00511-phase1-1-2022-06-22 10-40-29,img_19943.jpg,19943,858.0523681640625,384.7248229980469,780.3812866210938,560.6983032226562,842.275390625,506.0858459472656,765.8179931640625,438.1236877441406,662.6610717773438,643.2238159179688,604.4077758789062,675.9912719726562,643.2433471679688,672.3504638671875,622.6119384765625,638.369384765625,483.0467529296875,805.8475952148438,517.02783203125,834.9742431640625,621.3983154296875,845.896728515625,baseline
00511-phase1-1-2022-06-22 10-40-29,img_20600.jpg,20600,714.9034423828125,303.8666687011719,526.2901000976562,396.4892578125,613.860595703125,399.85736083984375,607.1243896484375,287.02618408203125,418.5110778808594,313.970947265625,366.30560302734375,280.2900085449219,388.1982116699219,315.6549987792969,405.0386962890625,280.2900085449219,216.4253845214844,211.2440643310547,197.9008636474609,248.2931060791016,213.0572967529297,362.8083190917969,baseline
00511-phase1-1-2022-06-22 10-40-29,img_20639.jpg,20639,1059.17626953125,489.6816711425781,1177.24462890625,666.7842407226562,1072.6697998046875,616.1834716796875,1183.9913330078125,560.522705078125,1323.9866943359375,762.9255981445312,1391.454345703125,794.9727172851562,1345.9136962890625,803.4061889648438,1364.46728515625,751.1187744140625,1548.316650390625,909.667724609375,1523.0162353515625,946.77490234375,1398.201171875,968.701904296875,baseline
00511-phase1-1-2022-06-22 10-40-29,img_20687.jpg,20687,1127.53662109375,265.8913269042969,1344.62255859375,328.4415283203125,1269.1944580078125,339.47979736328125,1252.6370849609375,238.2956695556641,1445.8067626953125,227.2574005126953,1486.2803955078125,183.10433959960935,1475.2420654296875,223.57798767089844,1453.16552734375,192.30288696289065,1655.5338134765625,100.3173370361328,1683.1295166015625,122.39386749267578,1672.0911865234375,258.5325012207031,baseline
00511-phase1-1-2022-06-22 10-40-29,img_20736.jpg,20736,902.3358154296876,288.2545166015625,817.9010009765625,475.1184387207031,889.8782348632812,408.6779479980469,801.2908935546875,358.8475646972656,680.8674926757812,513.8754272460938,619.9636840820312,533.25390625,657.33642578125,538.7905883789062,646.2630615234375,498.64947509765625,469.08831787109375,619.0728759765625,488.466796875,659.2140502929688,581.2066650390625,693.8184814453125,baseline
00511-phase1-1-2022-06-22 10-40-29,img_20853.jpg,20853,473.7932434082031,524.2826538085938,441.6281127929688,700.2447509765625,472.8471984863281,626.4541625976562,416.0852355957031,607.5335083007812,358.377197265625,787.27978515625,322.4279479980469,815.6607666015625,346.0787658691406,815.6607666015625,332.8343200683594,785.3877563476562,259.9897766113281,883.775146484375,277.96441650390625,913.1021728515624,354.59307861328125,923.508544921875,baseline
00511-phase1-1-2022-06-22 10-40-29,img_20886.jpg,20886,522.133056640625,445.4129333496094,440.8193054199219,626.4715576171875,499.3652038574219,553.8312377929688,433.2300415039063,522.3899536132812,370.347412109375,763.07861328125,367.0948486328125,806.4459838867188,370.347412109375,791.2673950195312,355.1688537597656,775.004638671875,323.7275390625,904.0224609375,354.08465576171875,912.6959228515624,440.8193054199219,904.0224609375,baseline
00511-phase1-1-2022-06-22 10-40-29,img_20945.jpg,20945,695.9881591796875,259.3907470703125,510.5153503417969,333.5798645019531,614.9296264648438,322.5888977050781,614.9296264648438,244.2781524658203,432.20458984375,311.597900390625,384.1190490722656,282.74658203125,399.2316589355469,311.597900390625,411.5964965820313,281.3727111816406,264.5921325683594,256.6430053710937,245.35792541503903,286.8681945800781,287.9479675292969,374.7960510253906,baseline
00511-phase1-1-2022-06-22 10-40-29,img_21149.jpg,21149,781.2180786132812,372.5364379882813,693.4244995117188,561.53662109375,762.9277954101562,492.0333557128906,682.4502563476562,442.0397338867188,586.1211547851562,633.4786376953125,525.1533203125,667.62060546875,562.953369140625,662.7431640625,545.8823852539062,626.1625366210938,409.31451416015625,785.8981323242188,443.45648193359375,815.1627197265625,539.7855834960938,828.5756225585938,baseline
00511-phase1-1-2022-06-22 10-40-29,img_21322.jpg,21322,702.3544921875,366.0396423339844,610.3959350585938,552.5111694335938,670.4244384765625,486.0966796875,596.3466796875,432.45416259765625,489.0617065429688,675.1226196289062,450.7456359863281,724.9335327148438,481.3984680175781,708.3298950195312,457.1316223144531,686.617431640625,349.8466186523437,866.7030029296875,388.1626892089844,889.692626953125,480.1212768554688,889.692626953125,baseline
00511-phase1-1-2022-06-22 10-40-29,img_21749.jpg,21749,625.0000610351562,367.4840087890625,570.3430786132812,556.1807861328125,615.8905639648438,472.8939208984375,546.9186401367188,459.88037109375,475.343994140625,692.8233032226562,432.3992309570313,731.864013671875,462.3304443359375,725.3572387695312,442.8100891113281,694.1246337890625,347.8110046386719,886.7255249023438,382.9476623535156,902.341796875,474.0426635742188,897.1363525390625,baseline
00511-phase1-1-2022-06-22 10-40-29,img_21825.jpg,21825,689.2213134765625,358.6539306640625,594.4833374023438,545.7006225585938,666.1441040039062,469.1815490722656,590.839599609375,420.5979919433594,482.7411804199219,661.0866088867188,428.0846557617188,695.0950927734375,460.8785705566406,692.6658935546875,439.0159606933594,659.8720092773438,318.77166748046875,831.1290893554688,352.7801513671875,852.9916381835938,454.8056335449219,863.9229736328125,baseline
00511-phase1-1-2022-06-22 10-40-29,img_21855.jpg,21855,658.0967407226562,394.740478515625,574.7559204101562,562.57958984375,626.8439331054688,497.7590026855469,568.9683837890625,464.191162109375,460.1622924804688,666.755615234375,413.8618469238281,702.6384887695312,441.6421203613281,701.48095703125,426.594482421875,669.0706787109375,315.473388671875,817.2321166992188,343.253662109375,847.327392578125,439.3271179199219,860.0599975585938,baseline
00511-phase1-1-2022-06-22 10-40-29,img_21917.jpg,21917,639.64599609375,333.630126953125,550.722900390625,501.4724426269531,600.7421264648438,444.7839660644531,555.1690673828125,395.8762817382813,434.0113525390625,550.380126953125,391.77288818359375,559.2724609375,412.8921203613281,570.3878173828125,410.6690368652344,539.2647705078125,283.9536437988281,621.5186157226562,296.1805725097656,658.1993408203125,367.3190307617188,705.9955444335938,baseline
00511-phase1-1-2022-06-22 10-40-29,img_21952.jpg,21952,671.920166015625,382.43994140625,599.8571166992188,558.3226928710938,686.5770874023438,492.3666687011719,572.9861450195312,427.6320495605469,483.8233642578125,663.36376953125,434.967041015625,706.113037109375,472.8306884765625,696.341796875,445.959716796875,665.8065795898438,315.2690734863281,841.6893310546875,349.4684753417969,867.3388671875,455.73095703125,864.8960571289062,baseline
00511-phase1-1-2022-06-22 10-40-29,img_21988.jpg,21988,755.8958129882812,390.6443481445313,655.7881469726562,561.7144165039062,728.0177612304688,504.6910400390625,649.4522094726562,437.53021240234375,539.2070922851562,677.0282592773438,491.0540466308594,721.3797607421875,517.6649169921875,711.2423095703125,501.1915283203125,682.0970458984375,377.0073547363281,851.89990234375,411.2213439941406,884.8467407226562,517.6649169921875,896.2514038085938,baseline
00511-phase1-1-2022-06-22 10-40-29,img_22132.jpg,22132,655.452880859375,306.5928649902344,569.72021484375,499.4913024902344,659.2352294921875,425.1056518554688,563.4163818359375,370.8923645019531,446.1643676757813,605.3963623046875,393.21185302734375,640.697998046875,425.9919738769531,636.9157104492188,408.3411560058594,602.8748168945312,268.3952331542969,766.7754516601562,301.17535400390625,800.8163452148438,407.0803833007813,814.6848754882812,baseline
00511-phase1-1-2022-06-22 10-40-29,img_22168.jpg,22168,565.9721069335938,370.4422912597656,526.718994140625,552.5331420898438,568.15283203125,477.2980041503906,510.363525390625,447.858154296875,458.0260314941406,649.5755615234375,432.9476318359375,685.5576171875,454.75494384765625,670.29248046875,428.586181640625,662.6599731445312,383.8812561035156,769.5156860351562,406.7789001464844,783.6904296875,473.2911376953125,796.7747802734375,baseline
00511-phase1-1-2022-06-22 10-40-29,img_22205.jpg,22205,597.5911865234375,361.7973937988281,546.2930908203125,538.7236328125,593.4036254882812,462.29986572265625,532.683349609375,442.4087524414063,454.1658020019531,632.9447021484375,423.8056640625,650.7420043945312,445.7905883789063,653.8826904296875,429.0401916503906,628.757080078125,342.1474304199219,742.8692626953125,363.0854187011719,771.1356201171875,455.2127075195313,787.885986328125,baseline
00511-phase1-1-2022-06-22 10-40-29,img_22258.jpg,22258,563.0608520507812,408.6492004394531,536.1748046875,594.406982421875,571.615478515625,522.3036499023438,500.7341918945313,496.6397399902344,484.8470153808594,726.392822265625,460.4051818847656,769.166015625,484.8470153808594,756.945068359375,455.5168151855469,734.9474487304688,427.4087524414063,898.7076416015625,465.2935485839844,910.9285278320312,548.395751953125,896.263427734375,baseline
00511-phase1-1-2022-06-22 10-40-29,img_22288.jpg,22288,622.1699829101562,361.2691650390625,569.1810302734375,539.7014770507812,615.6815795898438,467.2471618652344,557.2855224609375,435.8863220214844,467.5286560058594,625.1327514648438,427.5165710449219,655.4121704101562,451.30755615234375,653.2493286132812,439.41204833984375,622.9699096679688,329.1084289550781,739.761962890625,352.8994140625,785.1810913085938,442.6562805175781,803.5650634765625,baseline
00511-phase1-1-2022-06-22 10-40-29,img_22346.jpg,22346,683.852783203125,363.925048828125,644.7357177734375,559.5103759765625,690.8380126953125,482.67327880859375,611.2068481445312,464.51177978515625,559.5164184570312,700.6112060546875,521.79638671875,745.3164672851562,552.5311889648438,735.5371704101562,525.9874877929688,708.9934692382812,453.3415222167969,925.5343627929688,500.8408203125,932.51953125,597.2364501953125,905.975830078125,baseline
00511-phase1-1-2022-06-22 10-40-29,img_22388.jpg,22388,810.1945190429688,303.6673583984375,734.9686889648438,518.59814453125,795.41796875,417.8493347167969,720.1921997070312,393.6696166992188,634.2199096679688,626.0635375976562,592.5770263671875,667.7064208984375,628.8466186523438,663.6764526367188,593.9203491210938,635.466796875,487.79827880859375,816.8146362304688,528.0978393554688,832.9344482421875,618.10009765625,819.5012817382812,baseline
00511-phase1-1-2022-06-22 10-40-29,img_22554.jpg,22554,691.8394165039062,405.2009887695313,626.8126220703125,581.877685546875,686.9317626953125,518.0777587890625,603.5010986328125,471.4547424316406,528.6588745117188,708.2505493164062,499.2127990722656,749.9658813476562,528.6588745117188,738.923583984375,500.439697265625,718.06591796875,420.6898193359375,891.0618286132812,463.632080078125,913.1464233398438,556.8781127929688,904.5579833984376,baseline
00511-phase1-1-2022-06-22 10-40-29,img_22598.jpg,22598,691.5797119140625,222.35113525390625,508.4118041992188,305.7741394042969,559.1910400390625,340.2314758300781,561.0045776367188,224.1646881103516,379.6502075195313,198.7750701904297,341.5657958984375,164.31773376464844,345.1929016113281,200.58860778808597,385.0908508300781,160.69065856933594,171.0926971435547,46.43740081787109,152.95726013183594,91.77599334716795,160.21144104003906,191.52088928222656,baseline
00511-phase1-1-2022-06-22 10-40-29,img_22754.jpg,22754,748.3328247070312,360.7882080078125,661.6014404296875,560.6473999023438,718.1654052734375,462.603271484375,654.0596313476562,445.0055847167969,554.7584838867188,663.7194213867188,503.2224731445313,702.6856689453125,533.389892578125,693.8868408203125,515.792236328125,670.0042724609375,398.89349365234375,844.7239379882812,432.8318176269531,864.8355712890625,532.1329345703125,862.3216552734375,baseline
00511-phase1-1-2022-06-22 10-40-29,img_22883.jpg,22883,521.082763671875,404.9949035644531,492.5372619628906,591.8381958007812,553.5208129882812,510.0942687988281,444.5289001464844,476.3586730957031,397.8180847167969,718.9954223632812,361.4874572753906,777.3839721679688,386.140380859375,756.6235961914062,364.0824890136719,725.4830322265625,279.7435302734375,922.7064819335938,312.1815795898437,939.5742797851562,414.6858825683594,918.81396484375,baseline
00511-phase1-1-2022-06-22 10-40-29,img_22919.jpg,22919,1096.7017822265625,367.7434387207031,1197.7083740234375,566.0611572265625,1129.9600830078125,493.3857421875,1205.09912109375,439.1871032714844,1298.7149658203125,643.6637573242188,1360.3043212890625,681.8491821289062,1314.7281494140625,667.0677490234375,1340.595703125,637.5048217773438,1471.1651611328125,789.0146484375,1450.2247314453125,823.5046997070312,1333.2049560546875,828.4318237304688,baseline
00511-phase1-1-2022-06-22 10-40-29,img_22987.jpg,22987,731.8594970703125,410.9786987304688,621.2003173828125,582.967041015625,693.1954345703125,525.6376342773438,615.8673706054688,478.97412109375,499.875244140625,684.2935180664062,445.2122802734375,717.6246337890625,479.8765869140625,714.9581298828125,462.54443359375,684.2935180664062,325.22039794921875,832.2835083007812,357.2182312011719,864.2813110351562,455.8782043457031,885.6132202148438,baseline
00511-phase1-1-2022-06-22 10-40-29,img_23022.jpg,23022,846.6073608398438,392.0052795410156,652.18798828125,513.091064453125,716.9944458007812,496.0367126464844,740.8704833984375,405.6487731933594,534.5130615234375,470.4552307128906,481.6446533203125,465.33892822265625,505.5207214355469,485.8041076660156,519.1641845703125,451.6954650878906,329.8611145019531,439.7574157714844,333.27197265625,496.0367126464844,394.6675720214844,581.3084106445312,baseline
00511-phase1-1-2022-06-22 10-40-29,img_23052.jpg,23052,690.5216064453125,247.05291748046875,826.441650390625,439.2157897949219,738.952880859375,375.1614990234375,820.1925048828125,303.29571533203125,974.8601684570312,500.1454772949219,1023.2914428710938,526.70458984375,992.0454711914062,532.9537353515625,1004.5438232421876,490.7716674804688,1165.460693359375,661.0623168945312,1151.4000244140625,686.0591430664062,1049.8505859375,704.8067626953125,baseline
00511-phase1-1-2022-06-22 10-40-29,img_23099.jpg,23099,1061.6820068359375,383.94482421875,1171.329345703125,543.1586303710938,1105.2406005859375,498.09814453125,1159.3131103515625,448.5315551757813,1305.0087890625,556.6768188476562,1345.5633544921875,552.1707763671875,1324.5350341796875,571.6969604492188,1315.52294921875,528.1384887695312,1506.2791748046875,561.182861328125,1512.2872314453125,603.2393188476562,1438.6883544921875,682.8462524414062,baseline
00511-phase1-1-2022-06-22 10-40-29,img_23136.jpg,23136,1253.4141845703125,401.1341552734375,1352.2252197265625,572.9133911132812,1248.8536376953125,515.1469116210938,1358.305908203125,466.5014953613281,1478.3994140625,636.7605590820312,1546.80712890625,653.482421875,1498.16162109375,661.0833129882812,1505.762451171875,620.0386962890625,1706.4249267578125,717.32958984375,1695.7838134765625,765.9750366210938,1586.33154296875,825.2616577148438,baseline
00511-phase1-1-2022-06-22 10-40-29,img_23639.jpg,23639,1285.0693359375,477.9075012207031,1343.62841796875,688.4415283203125,1282.28076171875,618.728271484375,1379.8792724609375,585.2659301757812,1491.4205322265625,798.5885009765625,1549.979736328125,833.4451293945312,1506.7574462890625,833.4451293945312,1534.642822265625,793.0114135742188,1688.011962890625,953.3519287109376,1660.1265869140625,995.1798706054688,1533.24853515625,1004.9397583007812,baseline
00511-phase1-1-2022-06-22 10-40-29,img_23826.jpg,23826,1272.9295654296875,427.5636901855469,1370.3399658203125,604.1201171875,1307.023193359375,538.3681030273438,1383.7340087890625,510.3625793457031,1477.491455078125,713.7068481445312,1510.3675537109375,759.976806640625,1493.3206787109375,755.1063232421875,1504.2794189453125,723.4479370117188,1593.1663818359375,865.9107055664062,1567.59619140625,904.8748779296876,1479.9267578125,918.268798828125,baseline
00511-phase1-1-2022-06-22 10-40-29,img_23920.jpg,23920,1165.455078125,411.7193908691406,1296.011962890625,532.0077514648438,1230.0001220703125,510.0037536621094,1262.2725830078125,442.5249328613281,1423.635009765625,533.4746704101562,1463.2421875,512.9376220703125,1452.9736328125,542.2762451171875,1439.771240234375,501.2021789550781,1595.265869140625,496.8013916015625,1607.0013427734375,539.3424072265625,1546.857177734375,630.2921142578125,baseline
00511-phase1-1-2022-06-22 10-40-29,img_23950.jpg,23950,1055.1611328125,359.3580017089844,1126.6500244140625,566.299560546875,1070.21142578125,488.5396728515625,1154.2421875,445.8971862792969,1221.968505859375,674.1599731445312,1273.390380859375,713.0399169921875,1240.7813720703125,704.2605590820312,1258.340087890625,681.6851196289062,1357.421142578125,853.5093383789062,1314.7786865234375,881.1015014648438,1220.71435546875,874.83056640625,baseline
00511-phase1-1-2022-06-22 10-40-29,img_24002.jpg,24002,1138.3863525390625,335.2626342773437,1247.809814453125,484.4763488769531,1176.755615234375,443.2649536132813,1246.388671875,375.052978515625,1388.4970703125,529.9510498046875,1436.8138427734375,531.3721313476562,1415.49755859375,549.84619140625,1408.3922119140625,508.634765625,1584.6065673828125,583.9522094726562,1571.8167724609375,625.16357421875,1500.7625732421875,687.6912231445312,baseline
00511-phase1-1-2022-06-22 10-40-29,img_24097.jpg,24097,1226.3714599609375,390.7740783691406,1308.2203369140625,578.3443603515625,1255.927978515625,511.2738037109375,1303.6732177734375,462.391845703125,1413.9417724609375,672.6979370117188,1461.68701171875,697.707275390625,1428.7200927734375,697.707275390625,1444.6351318359375,663.6036376953125,1550.3565673828125,807.9758911132812,1528.757568359375,830.711669921875,1430.99365234375,851.1738891601562,baseline
00511-phase1-1-2022-06-22 10-40-29,img_24158.jpg,24158,1211.3118896484375,373.7491760253906,1296.112548828125,556.396728515625,1238.49169921875,491.16546630859375,1289.5894775390625,420.4982604980469,1403.7442626953125,650.9821166992188,1448.3189697265625,670.551513671875,1416.79052734375,675.9874267578125,1432.0111083984375,637.9358520507812,1543.991455078125,761.8753051757812,1522.2476806640625,795.578125,1432.0111083984375,822.7578125,baseline
00511-phase1-1-2022-06-22 10-40-29,img_24190.jpg,24190,1267.1136474609375,386.4322814941406,1321.75927734375,578.249267578125,1262.65283203125,497.9537658691406,1332.911376953125,455.5755920410156,1421.0133056640625,664.1207885742188,1470.082763671875,698.6924438476562,1441.0872802734375,703.1533203125,1458.9306640625,656.3142700195312,1567.1065673828125,781.2183837890625,1547.0325927734375,815.7900390625,1461.1611328125,836.9791259765625,baseline
00511-phase1-1-2022-06-22 10-40-29,img_24360.jpg,24360,1242.939208984375,370.2444458007813,1306.6650390625,535.7415161132812,1259.1083984375,472.015625,1308.5672607421875,431.1169128417969,1401.7783203125,608.027587890625,1427.4588623046875,626.0990600585938,1409.3873291015625,628.9524536132812,1416.0452880859375,596.6139526367188,1509.2562255859375,698.3851318359375,1493.0870361328125,734.5281982421875,1406.533935546875,753.5508422851562,baseline
00511-phase1-1-2022-06-22 10-40-29,img_24575.jpg,24575,1280.0029296875,390.6300659179688,1324.1998291015625,532.7534790039062,1288.6689453125,483.3569030761719,1332.8658447265625,447.8260498046875,1405.6607666015625,597.7489013671875,1432.5255126953125,610.748046875,1413.460205078125,615.0810546875,1423.8594970703125,589.949462890625,1503.5872802734375,663.6110229492188,1488.85498046875,686.1427612304688,1414.3267822265625,724.2734375,baseline
00511-phase1-1-2022-06-22 10-40-29,img_24609.jpg,24609,1277.5753173828125,415.7981567382813,1308.5201416015625,598.0288696289062,1254.6531982421875,515.5093383789062,1350.9261474609375,501.7560424804688,1330.296142578125,728.6848754882812,1353.21826171875,764.2141723632812,1338.3189697265625,757.3375244140625,1363.533203125,740.1459350585938,1380.724853515625,879.9708251953125,1356.6566162109375,893.7240600585938,1279.8675537109375,894.8701782226562,baseline
00511-phase1-1-2022-06-22 10-40-29,img_24642.jpg,24642,1114.6624755859375,298.4075927734375,1303.2437744140625,405.7303161621094,1229.651123046875,404.1971130371094,1226.584716796875,292.2748718261719,1381.43603515625,352.0689392089844,1439.697021484375,296.8743896484375,1425.8983154296875,352.0689392089844,1405.967041015625,304.5403137207031,1580.749755859375,234.0139617919922,1611.413330078125,278.4762268066406,1576.150146484375,388.86529541015625,baseline
00511-phase1-1-2022-06-22 10-40-29,img_24707.jpg,24707,1017.9038696289062,263.49176025390625,1194.75,359.6712341308594,1104.775634765625,358.11993408203125,1107.878173828125,282.10711669921875,1286.275634765625,325.54302978515625,1335.9166259765625,292.9660949707031,1331.2628173828125,322.4404602050781,1314.19873046875,292.9660949707031,1470.878173828125,247.9789276123047,1484.8397216796875,291.4148254394531,1458.4678955078125,386.04302978515625,baseline
00511-phase1-1-2022-06-22 10-40-29,img_24759.jpg,24759,1124.076904296875,307.7347412109375,1170.918212890625,498.3680419921875,1107.7369384765625,418.8467102050781,1191.6156005859375,375.27337646484375,1291.834228515625,562.6387329101562,1339.764892578125,598.5867309570312,1303.81689453125,589.8720703125,1311.4422607421875,557.1920776367188,1442.1622314453125,678.1080322265625,1420.3756103515625,712.9667358398438,1328.87158203125,719.502685546875,baseline
00511-phase1-1-2022-06-22 10-40-29,img_24810.jpg,24810,1150.2449951171875,232.31369018554688,1263.2584228515625,399.6879577636719,1198.8836669921875,342.4659729003906,1258.9666748046875,296.6884155273437,1379.1328125,439.7433471679688,1432.063232421875,445.4655456542969,1404.8828125,454.048828125,1406.3133544921875,426.8683776855469,1598.0069580078125,494.1042175292969,1576.5487060546875,545.60400390625,1505.021240234375,601.3953857421875,baseline
00511-phase1-1-2022-06-22 10-40-29,img_24844.jpg,24844,964.5958251953124,235.81509399414065,1056.9796142578125,425.7149658203125,999.23974609375,370.5413513183594,1068.527587890625,311.5184326171875,1175.025390625,545.0439453125,1213.5186767578125,595.0851440429688,1191.705810546875,580.970947265625,1209.6693115234375,550.1763916015625,1304.6192626953125,731.094482421875,1271.258544921875,750.3411254882812,1177.5916748046875,755.4735107421875,baseline
00511-phase1-1-2022-06-22 10-40-29,img_24898.jpg,24898,1267.4383544921875,495.2923889160156,1332.3896484375,682.3521728515625,1258.3450927734375,618.6998901367188,1355.7720947265625,578.4300537109375,1477.880615234375,791.4703979492188,1536.3367919921875,825.2451171875,1496.0670166015625,826.5441284179688,1514.2532958984375,781.0781860351562,1663.641357421875,931.7652587890624,1629.86669921875,969.43701171875,1516.8514404296875,977.231201171875,baseline
00511-phase1-1-2022-06-22 10-40-29,img_24934.jpg,24934,1117.82568359375,255.5947723388672,1318.958251953125,319.50604248046875,1230.6102294921875,328.90478515625,1243.7684326171875,246.196044921875,1443.0213623046875,214.2404022216797,1486.25537109375,182.2847595214844,1480.6162109375,216.12014770507807,1458.0592041015625,174.7657928466797,1649.7930908203125,90.17732238769533,1668.590576171875,116.49373626708984,1649.7930908203125,251.8352813720703,baseline
00511-phase1-1-2022-06-22 10-40-29,img_24974.jpg,24974,1071.6337890625,295.1913757324219,1230.3812255859375,423.16119384765625,1152.62744140625,423.16119384765625,1199.6036376953125,334.0682983398437,1359.970947265625,426.4009399414063,1419.9061279296875,418.3015747070313,1390.7484130859375,437.7400512695313,1389.1285400390625,402.1028747558594,1578.653564453125,452.3188781738281,1577.03369140625,492.8156433105469,1504.139404296875,560.8502197265625,baseline
00511-phase1-1-2022-06-22 10-40-29,img_25018.jpg,25018,1082.21142578125,429.26025390625,1205.64404296875,584.3037109375,1118.3380126953125,549.682373046875,1180.0543212890625,465.3869018554688,1338.1083984375,612.9039916992188,1393.8035888671875,623.44091796875,1369.7191162109375,643.009521484375,1366.7086181640625,593.3353881835938,1524.7625732421875,649.0305786132812,1527.773193359375,700.2100219726562,1443.4776611328125,758.915771484375,baseline
00511-phase1-1-2022-06-22 10-40-29,img_25056.jpg,25056,586.0518798828125,474.8446960449219,533.7251586914062,643.1387939453125,612.92236328125,596.468994140625,516.7543334960938,514.4432983398438,397.9585266113281,727.992919921875,328.6609802246094,752.0349731445312,376.7449951171875,760.5203857421875,369.6737976074219,715.2648315429688,173.0950164794922,822.7467651367188,188.651611328125,863.7595825195312,298.9620056152344,899.115478515625,baseline
00511-phase1-1-2022-06-22 10-40-29,img_25110.jpg,25110,510.8160095214844,488.1178588867188,478.222900390625,697.1632690429688,517.5593872070312,653.3311767578125,443.3820190429688,578.0299072265625,366.956787109375,797.1904296875,313.00958251953125,825.2879028320312,351.2221984863281,827.5357055664062,336.6114807128906,791.5709228515625,221.97366333007807,898.3414306640625,241.07997131347656,927.5628051757812,339.9831848144531,941.0496215820312,baseline
00511-phase1-1-2022-06-22 10-40-29,img_25154.jpg,25154,613.6163330078125,517.3981323242188,512.4990844726562,680.97021484375,597.2590942382812,636.359619140625,493.1678161621094,572.4178466796875,374.2063293457031,791.0095825195312,310.2645263671875,832.6461181640625,350.4140319824219,829.6720581054688,331.0827941894531,791.0095825195312,167.5107421875,960.5297241210938,204.68621826171875,994.7311401367188,313.23858642578125,999.1921997070312,baseline
00511-phase1-1-2022-06-22 10-40-29,img_25190.jpg,25190,984.8944091796876,273.218505859375,1138.150146484375,389.0948486328125,1037.2257080078125,379.7499694824219,1100.770751953125,276.9564819335937,1297.012939453125,368.5361328125,1368.0338134765625,346.10845947265625,1330.6544189453125,381.6189575195313,1323.178466796875,334.8946228027344,1549.32421875,333.025634765625,1556.800048828125,368.5361328125,1478.30322265625,478.8055419921875,baseline
00511-phase1-1-2022-06-22 10-40-29,img_25269.jpg,25269,1162.6788330078125,323.0897827148437,1339.8724365234375,347.2525329589844,1254.497314453125,406.85400390625,1217.44775390625,287.65106201171875,1439.7451171875,247.3797912597656,1463.9078369140625,211.9410858154297,1475.183837890625,239.32554626464844,1442.966796875,213.55194091796875,1570.2239990234375,107.23580932617188,1604.0518798828125,152.33961486816406,1605.6627197265625,239.32554626464844,baseline
00511-phase1-1-2022-06-22 10-40-29,img_25311.jpg,25311,956.1759033203124,296.1811218261719,1082.721923828125,464.394775390625,988.5840454101562,404.208251953125,1078.09228515625,347.1081848144531,1220.0706787109375,552.3596801757812,1281.800537109375,569.3353881835938,1246.305908203125,577.0516357421875,1257.108642578125,535.384033203125,1419.1492919921875,661.9300537109375,1403.716796875,700.5111694335938,1295.689697265625,734.4625854492188,baseline
00511-phase1-1-2022-06-22 10-40-29,img_25350.jpg,25350,1115.05615234375,322.6563415527344,1296.0035400390625,428.5440979003906,1234.347412109375,408.4388122558594,1222.2841796875,321.3160095214844,1397.8702392578125,382.97216796875,1439.421142578125,360.1861877441406,1430.0386962890625,391.0142517089844,1412.6141357421875,353.48443603515625,1568.0948486328125,313.2738952636719,1578.817626953125,370.9089965820313,1564.07373046875,456.69146728515625,baseline
00511-phase1-1-2022-06-22 10-40-29,img_25402.jpg,25402,1131.9002685546875,329.4349365234375,1229.995361328125,486.6984252929688,1147.470947265625,464.8995056152344,1223.76708984375,348.1197204589844,1373.2452392578125,513.1685180664062,1435.5277099609375,527.1820678710938,1395.0440673828125,531.853271484375,1402.8294677734375,502.26904296875,1603.690673828125,609.7064819335938,1580.334716796875,651.7471923828125,1485.353759765625,693.7879028320312,baseline
00511-phase1-1-2022-06-22 10-40-29,img_25544.jpg,25544,921.7932739257812,345.29718017578125,1034.7928466796875,508.3394470214844,946.0075073242188,480.8966674804688,1029.9500732421875,377.582763671875,1175.2352294921875,564.8392333984375,1241.420654296875,574.52490234375,1197.835205078125,585.8248901367188,1212.3636474609375,550.3107299804688,1381.863037109375,685.9102172851562,1365.72021484375,735.952880859375,1283.3919677734375,774.6956176757812,baseline
00511-phase1-1-2022-06-22 10-40-29,img_25618.jpg,25618,1046.63330078125,289.9166564941406,1206.5843505859375,421.4319458007813,1119.4998779296875,398.3279113769531,1181.703125,337.9019775390625,1357.6492919921875,421.4319458007813,1412.7435302734375,407.2140808105469,1384.3077392578125,435.64984130859375,1382.530517578125,391.218994140625,1611.793701171875,424.9864196777344,1611.793701171875,460.5310974121094,1517.600341796875,542.2838745117188,baseline
00511-phase1-1-2022-06-22 10-40-29,img_25676.jpg,25676,635.48876953125,244.02671813964844,531.2645874023438,435.8938903808594,597.5890502929688,368.3850708007813,532.448974609375,319.8260803222656,432.9623107910156,541.3023681640625,385.5877075195313,570.9114990234375,418.74993896484375,573.2802124023438,391.509521484375,538.9336547851562,283.7322998046875,691.7167358398438,306.2352294921875,716.5884399414062,409.2750244140625,728.4320678710938,baseline
00511-phase1-1-2022-06-22 10-40-29,img_26122.jpg,26122,1114.389404296875,376.1040344238281,1251.53369140625,510.2341918945313,1171.658447265625,478.5855102539063,1222.899169921875,413.7810363769531,1375.1142578125,547.9111938476562,1429.369140625,555.4465942382812,1402.24169921875,569.0103149414062,1406.762939453125,526.8120727539062,1557.470947265625,585.5881958007812,1552.94970703125,635.3218383789062,1470.060302734375,683.5484619140625,baseline
00511-phase1-1-2022-06-22 10-40-29,img_26176.jpg,26176,391.25,915.0,691.25,577.5,460.0,615.0,785.0,596.25,941.25,440.0,1041.25,446.25,885.0,440.0,1035.0,446.25,522.5,290.0,622.5,546.25,791.25,771.25,baseline
00511-phase1-1-2022-06-22 10-40-29,img_26245.jpg,26245,1129.5078125,263.0741271972656,1262.1783447265625,390.8308715820313,1181.9208984375,399.0203857421875,1237.6097412109375,287.6427307128906,1394.8487548828125,413.7615356445313,1450.53759765625,415.3994445800781,1425.968994140625,435.0543518066406,1419.4173583984375,394.1066589355469,1630.707275390625,448.1575927734375,1622.517822265625,484.1915283203125,1557.00146484375,562.81103515625,baseline
00511-phase1-1-2022-06-22 10-40-29,img_26358.jpg,26358,1119.76513671875,316.73077392578125,1223.37939453125,479.1878051757813,1153.0240478515625,420.3450927734375,1219.5418701171875,379.4110412597656,1343.6231689453125,540.5888671875,1389.674072265625,559.7767333984375,1361.5318603515625,566.1726684570312,1378.161376953125,527.7969970703125,1511.197021484375,637.8072509765625,1498.4051513671875,672.3453979492188,1416.5369873046875,703.0458984375,baseline
00511-phase1-1-2022-06-22 10-40-29,img_26395.jpg,26395,711.1337280273438,219.40142822265625,598.5596923828125,349.2945556640625,685.1550903320312,335.43927001953125,595.0958862304688,240.184326171875,451.3475036621094,373.541259765625,382.0711669921875,377.0050964355469,414.9774169921875,392.5922546386719,414.9774169921875,357.9541015625,205.41650390625,406.447509765625,210.6122283935547,460.1366882324219,293.74383544921875,531.1448974609375,experiment
00511-phase1-1-2022-06-22 10-40-29,img_26538.jpg,26538,844.2305297851562,371.666015625,732.4276123046875,578.1908569335938,828.702392578125,509.8668518066406,718.4522705078125,450.8597412109375,577.1458129882812,691.5465698242188,521.2443237304688,719.497314453125,560.0648193359375,721.0501708984375,536.7725219726562,686.8881225585938,370.6209716796875,851.4868774414062,409.44140625,884.0960693359375,532.1140747070312,887.2017211914062,experiment
