eye_opening,ear_opening,ear_angle,ear_pos_vec,snout_pos,mouth_pos,face_incl
0.7077253322141598,0.7257640625010483,168.31811169172988,152.98416300636788,83.90487720291588,39.41696395644767,66.55115429162005
0.614948864825382,0.6682572009156279,177.75452400297377,141.10860826948462,83.28887502908992,36.246048339895815,57.620278437883016
0.6987843243671679,0.6682394956058212,170.69228533938562,153.9630509167735,86.24587109189028,37.922470866566236,53.799626723946325
0.539479133840278,0.705708331666584,167.82965364551114,154.79191083908816,89.84961772192891,35.45768261956865,55.525704621254974
0.6168061891994215,0.7123532439804916,167.88476210664766,148.64097545125082,84.81812036114091,35.13692295480944,55.4818668514836
0.7254490170068992,0.7140773647178196,171.12219959221216,137.25129467419654,81.11532291263407,34.619669955400255,63.74737244954214
0.5865981640228165,0.6961677776673032,169.43151483865682,136.8859694801182,76.603290250409,32.08537660752561,54.60576878812319
0.6091646865691509,0.6823170592496319,171.36789032875868,137.71729702688538,87.6806286225239,33.251569936320486,63.761563890089015
0.5534752403034477,0.7236762070166571,172.79254848193085,150.5319682967386,82.6875134668947,26.739175629966514,65.83678304403358
0.5247761457837993,0.6930406365018994,171.94946840458726,163.45075649711924,89.49434072303116,35.4820915897584,64.64509220243143
0.46179470573042697,0.6942700173641787,172.24287186832174,156.5439701584852,87.00896946770953,35.902420532758754,58.569302214127724
0.5829786054206867,0.6939283772642159,171.66146687643783,157.5800091290769,86.89095473284786,36.88333054170132,63.18711943638865
0.6873508515005771,0.7090293032507033,172.45280144810687,155.33579511223735,83.75021402245959,38.058340123396626,67.52273868876247
0.4456794105478751,0.7160469245443017,171.97779063520272,140.44638987687205,87.25526493914329,38.30512406477537,66.29687465865314
0.4129552760618093,0.6704420848445636,177.53688748082834,146.21060981879702,85.7055365662494,37.874983651098205,67.68317517587955
0.3757425539788384,0.6646120153696404,176.9421943750345,141.82179261434487,87.02128632380453,35.100869638443655,63.669168599157864
0.6028745809157505,0.5479460813638206,158.49751792163653,166.8122336854175,85.06607271076562,31.887391746814025,63.1857698528709
0.6038623034505983,0.6884957551284018,170.29828504640113,142.71437697302608,89.0446663973207,43.65708464886556,71.46123809152522
0.6393175905489136,0.6498175591957229,177.15168754374062,155.2943132319677,88.25820896449049,41.05120763192783,59.68855759910538
0.5164617812023816,0.6075819455417055,154.05594940018943,130.00985577963667,84.1220840103958,35.2657209342347,69.45485246834632
0.6678225698609013,0.6090580854788086,159.38544746828126,136.40500002850058,89.96296330216278,48.79708680240257,69.4165908378285
0.4835119272404599,0.452865064295242,170.8838512030412,151.61095248814428,81.3268259521202,30.41280701762598,63.22970263694474
0.5664613790985825,0.6087720907011562,179.8919466613775,135.6667800935567,76.67195012481268,38.57247701525772,60.961889168198546
0.5894622393255499,0.6722965357755724,173.11391670858882,137.44169655778305,86.40680613343014,37.80506476686274,64.52953340443501
0.48608746190594143,0.7656553847873375,166.7171530612079,139.65785633360048,85.61929702792867,35.00123350652459,65.59856951896576
0.6490258607337882,0.6920965068382356,173.1587230356631,137.20064309144834,86.5526131481349,31.720082863596527,65.79897430369648
0.5495574790854838,0.76331318364556,164.02174429751477,140.85816972118468,83.91530613473121,36.41754631767105,63.70474086759154
0.5507297915523576,0.6476597001885498,175.6094125394124,140.60238545050532,89.72960463762229,40.574831611489564,65.59329574063537
0.5144957554275266,0.4602790306017177,170.31658911130612,128.58058794235953,83.23543411231256,38.69637224371049,66.31477844734493
0.5825828418877901,0.5300242518481298,167.3533463886897,164.89192788760064,82.77590752727755,30.241755424996462,62.817788218663395
0.5632014296515249,0.5144646392843677,170.77925012006386,159.12463179376184,85.41202187592745,32.11872868263823,63.4373309857143
0.4456688116249245,0.4781510662935776,174.0109543480316,155.96025945580595,82.26105930507245,30.556725836395167,63.66806779676719
0.6583189197884263,0.4868633474667711,174.6776373649588,150.28796615813718,77.98572389009126,30.040879353277873,64.58259483284746
0.511912597361626,0.5329438210890307,169.2354935940869,147.2690661513568,87.95757304364868,30.598561749844738,62.8791500215509
0.5481025622986399,0.5348450618452938,166.19609530562605,146.87123540429087,85.73288051734905,28.157270307505403,60.04285964695875
0.5339496000055415,0.5684186930927674,167.87604213593278,136.60934359134126,81.79908096846094,31.758717797789803,67.20834989723477
0.4169118148321458,0.6136424192139941,165.19007251144404,137.0970722380605,79.18729534761435,31.39585683344208,67.10132055941689
0.6789362612607046,0.4344069622208861,176.5970845867575,114.80525463452389,89.24862301697502,33.85566964954964,68.63026148836147
0.42781653164382427,0.6986932006024826,173.68664740577958,140.97804250829728,85.01682792426908,32.041560242760866,63.48657991818846
0.43199318931228353,0.6725181362284183,179.9239180088173,141.4671959350329,82.0298879455003,28.448933974283435,64.13724525267901
0.6281956544813044,0.6957117167312564,170.12814784883042,146.55369968766547,87.15236973693303,36.73759795163144,71.16790844614562
0.6115352891175337,0.6436375851161987,175.40909014337876,144.9108842995378,87.66320636433572,36.50866500942601,62.487427970731474
0.5099019513592785,0.5020271738503168,175.4157920139343,162.50813976475308,77.84063936532101,41.86413800822584,68.27519435559435
0.5378456092072751,0.6923868873517816,171.50708851934502,139.30253192958529,85.34290919454281,33.69006752597979,58.7069610040798
0.7095408909020459,0.6653868995008824,174.55262499705026,144.92128428084314,83.90916896077735,36.0023371848817,66.72308673336984
0.3782949482607931,0.6777794352188077,172.2108531960963,143.66314693913682,77.08105861993238,36.60090535214754,62.487475447333665
0.5661695375110528,0.45854737598213635,178.52647853259597,141.134274191616,79.40305560837112,41.737966522603266,58.02288899448665
0.5113814155482014,0.4378099793320688,174.6671761968497,135.57025299791763,85.46222749209349,44.29630011997973,58.95427871164892
0.5971786789771939,0.6053696417511578,176.4346178589962,136.21248747293254,88.82214763934739,33.91444515151885,62.652437051621156
0.5029011624863086,0.6271514693574761,172.06991520611422,140.76907013241583,81.3868588808233,36.1331278663683,64.69427492945577
0.5518212565200631,0.47650420731103293,170.49744084032446,132.40331724535702,89.94972953295616,40.58907892928172,63.47693912651694
0.5610355735253467,0.5094755535943079,172.66189986109154,135.31579602401723,74.69255452469218,36.233472422487736,59.559386681023305
0.5832899849345137,0.6632963896378008,155.10082869100745,153.57693656112806,79.84192681281745,35.168039368117206,65.51650321318107
0.46164353574848277,0.5157518241648752,169.5451246820944,145.18446103718227,82.86970147359746,31.763872922304234,62.425545542529775
0.5418680772413229,0.5784182034211547,159.91151240202143,146.98712831230895,82.5277616925595,29.72994788240761,64.75498269575345
0.5561842154542149,0.5047234323985257,171.60332992864505,147.08386080960287,79.96842226763884,36.2301623117518,57.18470624211278
0.43572713321663736,0.516181559671799,171.36181316524454,145.0223766381101,88.47095099471355,29.601241445611787,61.629612455264386
0.47304543441408675,0.5386341832206772,168.95865506841167,141.55630907362521,82.60611113709854,29.63908091784249,61.13299882011185
0.6494594627627779,0.5904852951493893,160.3705316980014,154.45374254844717,74.18080605249986,25.147600456494075,66.32633099182314
0.5564393912052136,0.47693753257416743,169.28065499629088,146.8017706843851,80.43707179624482,27.336256626650815,59.038372484113765
0.5846926626539692,0.6651548888322657,169.10187095967706,139.6528446201196,76.87176456152801,31.704762519485506,54.69832542641485
0.4389032610633446,0.6609311499031142,166.0802580552714,135.14772359775094,79.78157243932553,32.257358963063595,55.81880714035932
0.3829267224005889,0.671512011778542,176.16698896549644,136.5188503974352,84.01744250050412,31.460030703249966,63.00679539679456
0.5699659379647023,0.4510438789902313,179.04655391383963,142.7400038305053,80.79131206242747,38.43577819803025,56.39592895496747
0.49956703700929217,0.4694546095131941,173.56648592924094,138.3959869579112,84.16743625480868,38.682000866328984,60.252272697719704
0.3798430762367419,0.5812601119968321,172.08119602819713,137.37384896143715,83.26365616144005,27.368560636458128,56.50657280875924
0.3602924217906278,0.7503523949883614,168.0643974567326,144.26518348557363,86.42941499720193,29.341638380799914,59.421651204080575
0.34549007977865903,0.6220325600573712,178.285848702377,137.06647698564424,88.01205432037888,30.37538459911238,62.53977511271094
0.6489656178821548,0.5095259300253336,165.01038862533326,151.72185871243948,81.13194650493381,41.98468739219858,62.87009020669116
0.44774535977282487,0.5210310024905183,169.2747980392612,147.59893494945229,72.0439561141852,37.378270023652014,60.315871741597576
0.383453967513811,0.48936083848553,173.52436748580328,148.46630346979987,86.65467105647168,32.74681661334585,64.95133720639147
0.3692469592865098,0.6378587642662801,152.48275207101014,166.02599956588963,85.58531404495965,36.59964190304833,65.18658778719967
0.4695969627306751,0.5354384115650542,163.42427738937857,151.80225703114766,77.64252913521877,37.63628138062391,63.523482019799744
0.5107833728492333,0.5554907427560403,174.99159916640565,138.22232219425945,81.78327243845301,35.95141088691469,59.41484301665871
0.4382641574417342,0.4973923570999251,162.89475120600804,167.9380034360982,81.50869972305351,34.728522091741546,64.35456816663586
0.5061102063618226,0.5066979621393893,159.90867323941967,164.84304644277452,78.87853980510968,37.47634842950635,64.1737748973305
0.6417608305385666,0.6233120716976389,176.47690829014016,136.1626108367572,89.17762902000166,34.83149605992431,65.26858791642758
0.5324805429273328,0.5966578603512467,177.3437389774544,138.86907598419788,79.3426890672073,33.57529682669026,67.02209949430554
0.5336100419222032,0.5786832168850843,178.91721899707358,137.61074060155974,89.65803250629884,35.18715532929024,61.19643388033984
0.9192735009153263,0.5360895833039322,171.9521615292718,144.42904443205998,85.98582430458902,40.75445526491013,68.12860309718933
0.7265801963485438,0.4036855982776811,179.76626566198516,138.87709685924085,89.6834519527281,35.7894923686642,56.71788993050415
0.5111593211070927,0.3268014705627046,171.4099329945886,152.1230610404179,81.3268259521202,32.55980137653837,52.64890330694338
0.9453175880083307,0.4294487507354011,179.52961347509873,172.38576427194286,82.34598434549225,25.449382897949135,66.88016276324812
0.642976762913761,0.5477089262928523,174.35390977967404,145.24970953015134,77.39993105598364,28.50477908845277,65.20277587877807
0.6268862435651922,0.4933033886876939,179.0048170503909,142.9938904701505,82.75897109485969,27.23922481166052,62.79998323004759
0.7461033989975261,0.5244851309262539,179.67188827554588,135.52069707910078,86.13014175455817,38.09999046455329,62.563368446070776
0.6746235411718478,0.4768452147453487,179.09942429369974,136.84807751367458,74.21832320549017,41.59690130713167,62.06791025754143
0.6933701637294216,0.4764049789897041,179.7332201519323,143.98550791178732,83.4738075661803,28.798005727075402,63.55149524916469
0.5996945009985248,0.5306331949733185,179.45986446845865,139.54311351894313,77.36802949886987,38.323382068969266,66.17807309671564
0.44836930297148325,0.3335203103966043,166.8539845685516,140.70075729570738,81.67900332286972,27.326918232956068,64.10315714814233
0.4312829676847014,0.411292448680379,174.50226998750804,137.72326073387194,84.54976103208158,23.693570865234733,65.70861902099577
0.5404132920733974,0.32096002481617064,167.41565648539904,142.79560202061592,88.91193681957344,26.036453139811766,63.67170689482912
0.3426823495024955,0.3742102778404059,166.94074711877238,152.12869885945543,88.07314250997122,26.095826872432493,68.0002732729429
0.5893751633419075,0.30941704917186713,158.02481144117274,149.4593951503185,89.23964942226792,34.79634903320724,65.68699316832456
0.6259277995531295,0.44631473014878387,177.78813597339814,140.7516779397997,75.5901314794242,26.9224052354369,66.137183432275
0.6210931303418703,0.3506664990303676,164.39459823254197,147.24816435564912,84.6705015973097,24.526508026841068,66.97616823074006
0.492213787754241,0.3763809186215696,168.64460672130673,142.8983390506612,84.3612240466402,30.472553071541686,60.263535717621224
0.7082562375635829,0.3665073486795708,166.9594969291237,138.2320536628216,75.99466707046072,56.42746680996795,66.3090155728969
0.722247269378318,0.6002238865719327,164.7513561114713,136.83915604128157,89.20452751109404,24.407997488145387,67.56062400700996
0.46373038671153854,0.3448763694130085,167.77112241626617,148.5387375019884,85.85085693827921,21.79371347489401,61.09321618643598
0.5700432352557584,0.37886277942583,168.299775337274,138.6212153893248,86.60016372164388,32.007581269943934,62.17783746618414
0.41108098955974376,0.41733460348555224,169.6064022152285,137.33671776979014,89.29595256092715,21.39647485770524,66.28162092890247
0.3378204876602724,0.3927845654679775,175.05507069375025,141.5515731603807,82.24996357708065,25.164682465131104,62.61156911707526
0.47866060762419105,0.362275924250923,169.51878185586912,135.65974676926817,75.40787562813377,30.49179316497735,67.00279979761956
0.4898195836919327,0.38235133071474825,170.8493368729837,137.6854153044059,88.19722902796201,31.557681349900225,67.69661366560237
0.5853849394238352,0.41185163133018043,175.688308243546,159.51412938834375,82.89877099245767,31.389457407014568,63.02355416828507
0.41722895393296955,0.3286942583025948,164.97924193900923,155.32449217968897,79.8791346144108,26.62828351712388,60.71637178024763
0.47010637094172636,0.48413104789563327,175.0251869251647,148.26199257883908,86.43425047238142,27.942145753201082,61.223868361625584
0.49211062367646785,0.5152909767574277,176.74859716990574,138.5753080808339,85.06809474039987,22.759013245617794,58.75719351915435
0.5185098446668043,0.40806507206638076,170.3555307204264,135.12392723178962,89.50939288103363,28.159780399630108,53.226619711056976
0.3265235781055076,0.3945306744991242,172.09847253376137,147.89350580334437,80.86710588837683,32.67482809543528,62.0721879976154
0.39294580965147236,0.47105409641273843,177.1137449363064,147.31686374548644,79.2141651597679,30.316562010807168,53.696537962956725
0.525878952389589,0.3983103387406857,175.18644910629342,137.14580670555898,83.77104971208138,35.34933570642513,56.27624806694851
0.4757429568020377,0.4101772335187379,172.2398628890209,142.80224446689323,86.11352427381479,30.01219343394889,62.518063943036545
0.37539500424764866,0.4471089113129777,179.19108502663943,144.0550599391421,87.43622978853477,33.851940470278244,52.9364135774562
0.34917485150433863,0.45843408872742164,178.49517513232132,140.47208059041398,89.95334220942377,34.62994205414301,51.95797988200909
0.4696025091465321,0.380078771122127,171.85060397292423,149.7156263656634,88.13737905069324,33.13785600832633,56.21312579409216
0.5896238207535377,0.3738221436945136,173.54560944170214,140.75333347407326,79.5984868462388,36.20311257258875,58.73362990261991
0.40430377003132,0.5121791904303319,175.69995886644494,150.74500681607438,81.17025533209093,25.10038862257551,54.27435084829765
0.44721359549995787,0.39019299775983696,169.92134372431707,141.11252947962765,81.84628350532925,28.159023719234913,59.85234305662938
0.3517583223297259,0.3902324478943511,172.94920094056403,145.32230144176458,85.05959444022983,27.288220705691952,55.14535395147316
0.37997634462149105,0.3454565352498549,167.69879297758695,137.87031912196446,72.68477027321912,35.641242156204406,49.64855862201135
0.6782833179326067,0.40363992066718735,172.8491357137899,137.2427066287064,72.42258612113048,42.80810615770905,79.81353032444062
0.6251011478846484,0.5104302899144302,174.2938124227373,130.8512028758664,73.36289546016654,42.83043259115044,80.2118861035815
0.6310624564830317,0.5225436631107231,171.3988310226565,143.68975028913957,70.55996517182378,41.47570012286831,76.88834080278777
0.775017662066127,0.37078767776149524,177.05812532816236,137.48818091305526,86.25235502523388,30.878339886644365,75.70882624066729
0.6577163946588591,0.3844781235188464,177.24618665139815,136.72486821880338,86.35909931153527,36.282423426308256,70.7608198128552
0.6219264046735664,0.33787726052258,176.3998452098021,164.61175227318975,84.93245622332627,36.57303097851933,70.56949012676982
0.6956539558066986,0.41424162565622624,175.45920880364744,142.83564462450033,89.04742635919975,37.22252157615269,71.35464645250627
0.6470356231413251,0.41713943117354396,177.86370175187426,142.96869279697202,87.75856182741903,41.01821253416805,72.61370167289614
0.638489292365505,0.4717889699747927,177.81538921086837,155.09642850203213,85.42043735580737,36.051657063380084,70.99124476439812
0.654383543330804,0.34922516210431365,169.831171484325,142.87900691997362,84.00705115117589,44.510053666060855,68.67126440869747
0.7773649159496865,0.3382937543396614,169.24109191394473,145.65359098543613,83.33972343030845,37.993170843402886,70.35735235226329
0.5523580315221599,0.4374713881725448,177.99513209586155,141.2750809338635,85.86116086773978,36.953908992547596,72.80682860767244
0.9211456273143714,0.3810958604889777,176.09861248439267,150.9224757567286,86.69448146517112,41.38741253787843,64.44723309182353
0.7757383009136681,0.45109218699844944,175.92428100726326,138.16508333974144,89.99999914622636,37.59676913321444,65.0885829701942
0.4718631870114866,0.4034691345104914,176.916157693817,146.7892374302583,82.66888461371404,37.3887891468443,69.28733094520011
0.6237186767695051,0.398959369171952,175.6738758102411,139.89056359163166,85.01891806469155,32.3436659719882,68.42490322204446
0.6682740630124079,0.3432849227344683,169.40737060799628,140.7385567585437,89.69685055628658,36.69366606303189,66.70253093390126
0.6297313749405593,0.3473920229057449,172.3343034488356,137.4100596425856,76.58565759992119,36.945585553618244,68.08476885740268
0.47973644725362424,1.8962960517686334,116.48824722909545,124.14919009444768,87.96310921860893,40.11074544482629,68.68736581172115
0.6625058695206565,0.47638695250183627,177.02741900716876,151.15471106676833,85.12035724167065,36.42738396424174,70.46933950871767
0.6039397738160946,0.41925676873712653,175.2013423618778,144.44136475294843,85.1422950964499,33.299420537184176,60.20551399312101
0.7110681947099657,0.38540852443035595,166.67744260950272,148.76761015915503,86.91946922527931,32.922890291805665,59.353417121467054
0.516811394121702,0.39132608374072186,169.78643146627581,141.18370910461533,83.21377339162729,33.93900486951013,61.516936241943895
0.43646985439017477,0.3361627246064881,165.0105698101479,139.45053267243867,76.88760146142081,34.41089304191263,60.853341919795824
0.4900279466877699,0.43128717699388996,174.5265713760271,155.38100972716103,88.24105090258819,34.70453432871277,70.06446527985449
0.6334733942221241,0.31399729155187517,163.0929424078554,141.18268901803538,86.59492382126241,35.80989090608262,69.92244186222008
0.6113934223827627,0.4206958404964413,173.07413132401373,157.3493074738569,85.00451397162588,35.63427178453195,72.80948288017329
0.7036757459200931,0.3860263265919843,174.80174231219047,141.61717757381726,84.91660428145578,38.73907309773226,67.99535940590144
0.6583709594482224,0.402339846678064,173.0732039804388,143.30433517093215,76.49274619045737,45.82935753032969,71.6628443747317
0.5495298015875583,0.4599118805976608,177.01714069652266,150.49356963742466,79.91756809759346,33.022631251528935,60.82011570218339
0.6438887793563384,0.48658359265774576,178.65921703462448,150.03950075545973,87.16978441534793,32.765995225996235,60.98670346797668
0.602378777931672,0.47292908584876353,179.18154453831096,137.9278801895889,87.45458819721249,38.76829756944475,63.511294071305336
0.5941376138691941,0.5294725042300328,172.5820607784794,136.64202040374994,88.13187024111419,32.78466458207802,65.1912952636912
0.5743421943128483,0.47678266171197864,170.92102270892593,138.43817174690292,85.44348177942288,35.20741968581526,63.496190280221484
0.6739053877331154,0.38364795564776777,177.80948746084766,149.46125540607827,88.92917554521291,35.243745083092136,63.71200555860034
0.6950373537277857,0.33091710273812364,163.30147490046505,139.54539161800886,84.10127053867028,33.4218423643848,76.37084704118121
0.6223075081930721,0.46395103323730386,178.84843060457757,150.03803795739137,89.64223729381989,35.745593134704144,60.01330469797252
0.4843130042035829,0.49249776783605803,173.01136549905553,136.890233006455,89.25994497486109,32.887695284460406,60.52573159760803
0.9249917600160344,0.32421900071738485,169.4722419315098,137.43267158249716,75.35519940557842,36.22845870874284,63.335365214812256
0.7516363914535171,0.30993926808744043,169.91294442191708,139.60530018578987,81.2441652057311,33.107624317592084,62.336326657899264
0.6795777716181737,0.49216076867444675,176.9121720378426,142.0778648833421,73.9264258352536,38.148705682874926,69.96541845538637
0.5927212316239818,0.48652364693474826,177.25451262506027,137.9988863852859,87.98616103256428,37.80652994470447,61.65493767276738
0.9445488467843584,0.5006655134051734,176.09786597822057,135.21138866691317,72.58843272701543,42.51284710227427,71.46108717512533
0.6587889414983066,0.6069110273610985,164.9452347035311,148.84069549165562,65.08122436528292,65.72261018667307,70.59067906343229
0.9534146512587225,0.7065897957171877,160.22145402632103,147.34567553916662,79.22056884265358,31.326293976276943,76.26850702712349
0.6727353459045111,0.5766751131662838,171.57649805138846,155.9516813667101,66.7033028780643,40.954304624662406,75.17287168931968
0.9302605094190635,0.48519070543629694,175.31208352224326,137.72555092148167,86.95724086149043,37.29118255001263,72.95924713140452
0.6903350635742037,0.4927979555363339,178.0566229705832,160.50304034812376,86.0693642878675,43.58557678859784,68.59388791512738
0.7072525613718272,0.6293720045917411,164.95744274568784,157.24902365721238,89.8412374704853,43.49256424122503,63.43494882292201
0.7910653384215651,0.5863582306625604,158.53819608497338,149.7849077416289,64.14666102895771,42.80092253255895,73.52117604725147
0.784487312648494,0.5183494298124203,170.7614869717301,168.21115681273022,86.0365848880344,36.673777578496036,77.11050875224957
0.7485699533815683,0.5350902976296387,174.33831489971507,158.9408920626106,70.88836083679864,32.42474417777309,84.90642400574013
0.8598185097123315,0.6228491541897774,159.5460694702012,150.1251637808428,52.977217412499506,36.623677901115045,80.49212381514066
0.6967950812833484,0.7073488443354833,156.6278277525736,147.43024047864424,69.86980658108048,34.79442769804516,77.54330777134813
0.6100901546954633,0.6478969481228428,160.55484682231184,159.2280169353082,77.02542422301742,41.33309653447812,63.41431656615697
0.7075765676061175,0.542769716427834,165.65206397619355,167.52292343019022,85.28998450789375,33.25316237927395,73.93704106920363
0.7482661294546196,0.6367440086241446,160.69617705582925,145.3985427997282,85.26427864476464,31.213493810146492,79.60300346188765
0.6555679919226861,0.7118047920850137,155.45280284930567,142.7384948817864,88.25105395544574,36.017832493677375,66.62155292704902
0.6397486619880217,0.4838517065841145,179.3883901919844,156.33943602940795,84.61002311599444,30.253764598775593,79.42637320367919
0.8150972712773829,0.5946887073173838,172.69872204165446,155.18914329372822,85.89692543538372,35.925572182946254,73.5430675027362
0.8549967969393645,0.5610318776673984,175.36777123399077,152.7939238352517,87.13455149670877,43.87528315303494,80.20022401125982
0.7461755799211918,0.6977660063903282,160.02205456652018,160.45312385068235,84.56232141128933,38.87994464019615,67.78714546398068
0.8216710208323309,0.734332985537761,156.88623729905558,154.70777169539232,64.87118627192166,40.12458661249208,73.49663553470154
0.9979949854515701,0.6698144909466783,158.68462978278905,169.01595018054445,79.43503364727425,41.00267282739087,69.71992390576581
0.6785111336526218,0.4937530082026405,170.07410431272936,172.29377241197068,77.1135174707961,33.22435429434438,59.52303338794103
0.5073323162569855,0.48416664917509733,177.39743779750006,172.7304598500977,86.85768075101267,28.365003306118947,64.34581459591277
0.842451749884874,0.47946475970488656,176.777917744766,145.6060458275956,80.53551756200471,43.45908164390006,77.25647864226585
0.6859943405700353,0.6411420234309725,162.30636000652828,175.08338080113495,86.05481377096258,43.55800903902819,82.78702100852486
0.7447323287634884,0.7282182092396697,154.03464873792842,145.5627809449314,69.16224655532336,49.189768780497914,79.05443298538006
0.6763686870862867,0.560585521600371,165.29027321799032,157.02156841824214,86.59148960029593,32.13814548714098,63.702438847239684
0.6313358105322218,0.7514101646132259,155.94485882224842,136.22213562881842,82.2129820453675,34.945942135781,60.49712533587406
0.7432134116992998,0.6247830364906684,164.88901623547412,150.19181814850583,83.03599977301681,47.81744794244664,68.2433059112765
0.692010693444895,0.5768894068054136,167.7272431103903,149.75017375783398,78.87972254095632,28.045843344071688,69.90893935880837
0.6893741422035062,0.6686396553569776,161.86098290682605,160.48448325174869,74.74488129694222,35.84995654655467,73.30998044177633
0.47006830083584017,0.627286373973916,158.880442667684,140.02031593963454,89.78255975541765,24.380520387489582,67.95182444542135
0.8736916600910183,0.5775031426863313,163.90250344428756,143.95252090944533,88.13791934372256,28.22572787894571,77.6157787181952
0.5949641173087296,0.5099019513592785,177.59973654246943,164.20858701069818,60.133910363955415,25.75868481808094,88.22227623758953
0.7915661409034159,0.5788001385961108,166.63718404959252,162.45309614036813,80.23667781956443,30.45548403226788,82.0843448496562
0.7765671820175635,0.5609086835512302,166.64301630436938,132.7703974910402,84.70595423751408,28.35946043758802,78.23470072287894
0.5395611919546116,0.5131289409531177,174.88038276150053,134.79100915942692,87.7274705458041,27.483263345592633,63.837104875687686
0.6624230419603644,0.5606797840120312,166.99703969896638,170.51699743992833,83.66541559205552,33.46473519236704,83.86498779452839
0.7158712561129956,0.6506519236788209,162.17237038907604,135.8287143298893,79.71606535274735,32.09618177319288,71.98283665707275
0.7061739222300027,0.6866536336972836,162.59125186194922,141.58610864307119,89.22945448662304,33.555623237308524,77.22099197873864
0.8155297403506814,0.3136625592530917,146.5626930568433,140.10169813419623,80.5762348383163,51.57686415585782,88.35573000651166
0.8731800724444112,0.5882333531708874,172.7178543746509,163.23762135384334,86.758627713134,31.1424207868652,73.39315570978266
0.9751312422792021,0.4832025443994646,178.04952257411344,145.50061842759322,86.3092455424963,30.22521861754263,68.87245560226697
0.7120003121097942,0.4992071488605655,175.4485130309089,141.36064041237339,87.04738728355227,28.832364992601033,63.46196822846659
0.9343581545172144,0.5305948211182718,177.4675462406473,158.1594005200929,81.48261475157513,41.58882167079875,70.4386265415196
0.7999999999999999,0.4927148037212434,179.7349384374718,150.40189853747682,79.92250492619098,30.911653269783017,84.79876818576825
0.670213471715005,0.6869256648555897,163.404203347302,144.01331096473905,86.35054286044615,23.81731586177971,66.8938850926044
0.967552144138374,0.4103152477119806,174.0047841143267,141.8082391199275,86.24991502471018,46.075129710597004,84.70509384485943
0.7207985584043247,0.620240265201463,176.2218022928384,145.15757679704382,77.86807106573423,21.45403246552533,62.291867559145416
0.6605344294463964,0.44580457500460635,178.92822825365673,164.6238028605598,89.52080564014581,39.29303712192376,68.38160038060653
0.9295792849772544,0.5457809890443966,171.60199850291195,159.55178246742787,87.62446297694636,60.31806707328756,86.3330855483961
0.7346789002140685,0.4357758454043399,164.1649513898546,154.28595965863522,87.52207955769367,22.557407974003574,64.83359355541847
0.8621732866448404,0.5735009306351501,172.71555956110123,136.87162628421737,77.30656337195556,28.457734522686586,80.06501744139116
0.9358703127681842,0.6251937752706501,165.01834690394142,152.27686609949566,78.06564298105434,28.953155844750388,80.50186345765083
0.5813926990992357,0.5915216730779173,164.82642498748515,149.06890860300143,83.26474484641624,42.56547425637176,68.4264381004706
0.6341379171925529,0.6804821641999526,162.3498757800699,142.2625909907506,81.75241898335128,30.237642452552993,72.63880864779334
0.794770303965601,0.7192696356698086,163.18605532079508,136.75809236664003,84.13382785536159,25.21793047593463,74.41720790028732
0.8605129712715209,0.41175116514472476,175.05144028564422,135.181315152699,80.50114135781692,37.452663686329714,83.65170260707517
0.9240498876372459,0.23368249513479442,138.927084114791,147.28308780124888,76.76267685875982,23.097688159176652,83.48763096592621
1.036139423852011,0.3218421289092627,150.50626611863413,135.39082463084844,77.67343564260462,21.474965687412293,76.8351080497519
1.0571679576004294,0.31689204958671857,152.14646582722975,136.51654706192159,69.88327483154447,21.2042076265476,82.11599727304042
0.5663521139548542,0.3137134015361236,150.5673737515577,139.36053305063814,70.24505888728078,34.006592563758964,86.53767481112017
0.7763686510437859,0.3532288807584041,158.3405285705581,140.59541079735754,50.52092362884789,29.954316633908974,81.14293259715058
0.6174126230548238,0.46664734243033107,178.21578045155883,138.93831395804446,67.9089746196901,31.328343518206207,76.4386601655463
0.7363517391011569,0.4085574390313264,170.711486043937,142.23472604196962,64.42994665511146,28.107118116058377,63.063762242851816
0.6852833426171311,0.34979646060343095,166.58369255230193,142.18668547515992,78.38444370545685,33.1877656009279,69.45601414810758
0.609268981416015,0.4886832263837199,179.1700846808524,137.17872692476746,72.03309855109562,28.60713481452882,75.14657177401979
1.0497079557919098,0.17686427355085582,133.73983876724895,142.90648293289297,56.418447078199094,24.84034624794345,66.7362707505468
0.9298523012692202,0.16067320623292802,123.53393895356814,140.4381225472844,64.48209705934232,31.82968108525889,72.74709408930285
0.9734171683335759,0.49072033265436504,174.631398009878,141.39170229246957,71.8706983982018,29.45632077329856,73.81015516726698
0.5705887744552051,0.3354697245687551,162.11016707314946,153.11927279116546,60.27089397234886,27.03681571632719,73.15022399264191
0.7174624526180827,0.4685288493360204,175.17691417361175,142.8728732797657,65.92598606269998,29.09418800577776,71.89078523473637
0.7770533064327817,0.5331444538573775,174.7815906215144,139.47299745470892,84.37423768814028,31.677673852175623,76.13062952256168
0.6215030928487812,0.5563608997971694,167.68429016088214,141.68073945929333,70.20298674109152,32.309209500845164,75.69098059052457
0.6750873182409343,0.49237893502968905,174.8670772240646,141.76144172805667,65.84123491968548,31.875676480357395,64.34224298900523
0.8323776447408128,0.5018983028278291,173.53702306412168,156.34815593461647,70.83102538263466,30.626913149689077,72.69741293045774
0.8551439326107088,0.569425917692045,169.07521052192024,144.58235181906286,88.95192030069404,26.331557750858387,72.70529396408993
0.6707148104377224,0.4346704967102792,176.41684223808704,149.69897639465245,66.65757702957653,30.887610154928108,69.03435130500606
0.6261084844653734,0.5370284171901945,167.62757907711418,163.40694576192325,88.41898922003924,21.184949559090033,70.13602140144114
0.6349876270022006,0.5436256273873065,172.04983873906951,179.29548605761164,86.85257699178922,29.896854565095385,66.0955213672955
0.4512716088097513,0.4383438232881811,177.55617394739312,164.93506997546882,83.69823968341588,29.738750455436215,72.67253460755464
1.0675406944058705,0.3994051424193071,169.90277265472514,145.48265308292738,62.434874694799284,36.42428176567442,86.62697205496625
0.5350248284618412,0.43316740059382686,178.2209270986864,157.9285759171296,54.56353763931573,32.269801979580734,74.21924669048461
0.6111278111258726,0.6217267110766468,163.4387625063489,168.14984003568327,89.08212211539688,24.530810367517827,72.8538486978338
0.9505471177216045,0.5841167012221807,167.75488163679037,148.80114665593325,64.9749227745545,32.19573393471325,78.430027952098
0.49355819280194707,0.419664161915418,179.4663479392675,161.83365500110844,79.5721354067677,20.37828424018593,67.25944004070413
0.9189294583591217,0.47213608148980296,176.14917354822722,145.19253340719072,59.73095407711922,34.735716557973596,67.9914008222929
0.7671952740916673,0.32761658210042205,162.82536013474777,139.07551965855612,60.363591093611525,29.46726441210449,67.24581502904354
0.776346812863495,0.4940466193312058,176.8848350037792,153.53096751603422,71.53731511267642,35.05883712356275,68.76454000991663
0.6336142301629886,0.41772258421939834,168.86517358694593,150.55381119260832,70.07071758581145,31.721145080703348,73.46216731394071
0.8306219873721381,0.5418407776114899,171.88627284859277,141.7245412942912,85.97629161464263,27.34394883486364,73.53362629121794
0.7915582053204764,0.4923418147796697,178.31700412468814,159.80911502842793,76.71014186886273,27.005402895688544,79.55379256791285
0.850871259623034,0.6508151978369929,160.42687416958978,139.39033041164555,76.84398315360416,31.219338214371703,72.59198155650958
0.5731700117549231,0.5406702547064378,170.0202596054519,158.16572810627306,78.6227111848123,40.43142824029082,70.62357335053895
1.2579328626763129,0.30096084649570576,162.19600256069975,153.25725986123675,63.344790314309805,37.273382380902774,69.67222361056996
0.5094367728889913,0.8066605950747852,158.87971699146925,143.4661654597814,74.37506668340387,30.971988402641006,68.1363813649804
0.8149216913809352,0.5907012672591672,169.13748081901494,151.7240622968363,85.31363237111181,36.141299722120046,68.12321492253284
0.6010971195053068,0.5015270797920148,172.10692778781788,146.5410473095117,76.22324651292999,38.18948575740339,75.04264493468676
0.8387720728162855,0.6286401160777048,161.79684096543076,158.43925203862364,74.11630592794846,32.66785470835611,76.53123919570358
0.8560872282035016,0.6470175557413463,162.6771979645966,150.49212309889157,81.60096634585351,20.700524524575858,69.32181874044379
0.7257906413518582,0.6390452955960015,162.35481605575376,154.67297531647372,82.43857157233307,23.352039525604237,84.31910918203404
0.6487097155206217,0.560282546639625,174.51747753213527,140.1533504110182,55.86993875950169,29.615094205984825,80.87994776085858
0.6780260575518722,0.6402400823991824,165.18162580481157,167.81347995309278,88.66778014613031,33.9176607486743,70.58674390398923
0.807619424573293,0.5463706915314477,172.4914024154357,162.15138658335687,81.02217978653982,28.04972271547641,71.4117455201002
0.8011981828813016,0.378805644780141,172.09725146958158,138.61128287279328,74.66220346181234,29.43101741676334,75.46410076023237
0.9395523512235255,0.3735181362563715,173.90393520464409,140.90306841092882,58.20636928363993,32.25640228940003,58.96316829559022
0.7599585897618328,0.5746058224620676,168.75955354141513,169.97318916369565,75.53214381072807,30.270560555945114,56.98586255865734
0.6794687121853848,0.6396125309882774,163.17670632064875,170.46637381793582,75.53853829997408,28.09696991249555,51.4556018403139
0.541105128256356,0.6407406774014124,160.4118899688267,170.96444922839825,81.50942015670459,30.68971021592844,68.33673911809247
1.0776521892430129,0.5944170898164338,165.85278607064157,143.03825463468579,71.921815879394,34.046570772540555,68.80613669989648
1.0922927484314187,0.4911287682626994,174.78120405044632,147.31179676870283,70.33809814987937,25.025212888454377,66.49291830456349
0.9110354838301878,0.5943994924434721,170.030353378288,157.19997383557467,56.48708728958664,40.511969364347756,81.52150125316743
0.9024048265550006,0.4123841403668448,177.74758838659,146.12014834037709,48.49828416070772,26.451254865037413,56.545661677567544
1.057953711201899,0.3782648927192028,176.66554233473312,143.5370722015959,53.778504332352554,34.13417591131419,64.61610224531684
0.8833413670846169,0.3992389710839506,176.24475641184318,139.23869504915348,62.54551441725394,31.442705718271945,63.85225626614968
0.6840408448291929,0.3685876218814412,169.8252944497861,145.1236003157599,56.16799441711033,32.098927254785195,69.28363370801833
0.6229783166393777,0.3248172268209775,166.4821418797602,155.18295486618018,75.61474144792774,29.11157265569168,59.07664808695641
0.7244846780853877,0.2531773727666,155.3249492389628,161.40877005149747,73.50009057393956,24.77862741032671,67.5060401393951
0.707977781452499,0.31261003375351853,160.52643308412576,161.63707351610927,78.3451174959097,24.440176901793617,67.07921699349322
0.6536371686651979,0.3287996776580102,165.7237908413448,157.69570627152876,69.00223003476944,29.966123151583904,67.07012877420465
0.8392140106325819,0.3001038601381297,161.42837871703392,154.5127451692368,61.97954774953851,31.42675906183988,64.33200198482777
0.6038273961858468,0.48722675617164496,179.88590741583022,140.05874014956913,70.02946385515001,38.91572893396808,55.54388395663353
0.6608546268859847,0.6656611080452076,162.7771741247903,141.62609891907624,72.32110995282868,25.8092852385116,62.98947036343942
0.5945234715269097,0.45928277030360626,173.4088036891352,142.22165563137642,73.9230461514545,34.30369260154009,68.44122864398172
0.9285866853106639,0.5027572353191959,171.48597074156098,144.54214426179263,83.30577086810685,38.05411774316799,70.56962230632078
0.7156408894647809,0.4476779230009563,178.8954445822249,154.40662767943385,68.99148690837525,42.66776663330213,71.927305234768
0.7533009029367475,0.509566571713774,173.55001916766287,159.10433630927065,77.62886259017722,32.03504148048015,69.7193198103158
0.5905597549161345,0.5397390044756579,168.61562318492668,142.99803798106646,54.4415352530132,29.977935435186744,58.628854520762204
0.6672538989969868,0.571783802534978,168.60050133749832,138.71387127910668,57.956483167255584,35.74696645274689,67.02839477361185
0.5352928745448248,0.46710364407835797,179.1997864903101,170.63811786801205,80.73966770504435,30.291411265155926,65.75696163145669
0.48959852102302154,0.5520528081301812,164.5531366127006,161.17852670409437,79.89640443209844,28.692567427388447,64.04718716259993
0.7397553628750699,0.5172462761264318,171.31958157492872,143.8661290061055,89.65093005993133,23.998638830159837,53.81041179429551
0.8677992689427115,0.4283529368781194,173.30146215383067,153.09346943279937,78.91773692113658,32.81493534393566,66.33550688113894
0.9157655865133065,0.4036272484874694,171.32193297254958,147.32928877318636,85.02735225854772,32.73937283178335,70.9143346977372
0.7444226199900924,0.5037182437130462,177.10511492827163,164.5768649918536,64.10114879310515,29.56686568839621,60.03251928519437
0.42056400384802317,0.5591916235230739,175.56483490907772,158.65703689074385,89.58327380931524,26.401484675173386,70.4275663599418
0.7165530516731257,0.5501651492670716,174.57647243695953,163.08984523007948,82.12209331327067,33.897552628620275,68.1954860609251
0.5661527773087474,0.5557546632865914,167.63601248925013,166.45557336457333,81.6492474676686,31.7202179662234,60.900401205183364
0.7252639535649777,0.37293516338551363,172.69222392089745,141.50841366417296,74.18591581611005,33.02970372614191,66.97578673935385
0.6834243768213019,0.40982229859529623,178.74558455673076,146.45249839920697,81.68041250114518,34.34380405308907,63.071347057663345
0.49481386836992575,0.5717048828102185,165.88015583337608,141.63989001311705,87.29427308263321,28.272125465818633,63.22573452526364
0.6116233559833634,0.5848662695082094,167.40147157396444,168.2049959935471,70.38299804752481,27.816046215947935,65.51252404795453
0.6374167030995368,0.42110971737677544,176.589247177487,138.45507138324936,84.06821202744345,27.379282698720615,60.87323807102988
0.7481500563304999,0.7231591689755924,159.06524152943496,160.54117077020837,87.87890360333873,31.623678735811716,54.59796711965546
0.8434361952066176,0.875985561097382,145.89014225313852,166.65794865624272,88.01171290108428,27.828791657045283,83.92917734481381
0.7327283432069093,0.7970702473009352,154.9796398459896,170.1653393774768,73.59990297000114,26.561706805174655,78.64483137984786
0.6963169603422983,0.5923644821077669,165.4935730538893,168.60357614323473,78.69006752597981,37.486869566004835,70.61287930355857
0.9095569002645257,0.42164317120914524,177.8776954178694,139.16128062223083,71.54604970325114,45.4688584337035,66.18501876199807
0.8114895463546002,0.6461730309064974,166.08426811903786,155.31112375086485,84.85766218045681,30.94921954202,70.57469240484845
0.8077898213136288,0.6836370874664914,165.8523946129983,160.23360514084823,71.2704304025982,38.14469596154119,87.18231356822827
0.5910219375734451,0.31707729306042826,162.2543900151545,164.46858576218244,81.89635813327003,39.56477925205623,74.96956947656673
0.6757246285173463,0.46497682581754385,179.0232601975777,162.33171747917606,76.63206597560654,34.28103276276341,76.88586950347289
0.5751031370128299,0.30853857277324553,158.0423691931727,155.47490534979997,76.92046335771889,38.11914032454126,71.15215953193132
0.8591813758851539,0.5451311386145576,173.00650952203705,148.2795623602819,76.05795067448004,31.927676502319276,74.94242255121374
0.7194067515833313,0.4541394220228751,178.3990890922716,140.14256077362154,88.85423716182422,68.25295238238604,66.67005215612696
0.8770580193070293,0.3618881262232511,166.73285095907903,153.49152791530776,69.38322606372758,40.79378696859696,68.48767294233559
0.47881725907508726,0.4425660530615737,178.16884660674594,148.46520809481171,85.6628368120062,35.62325342212747,78.14306561601632
0.6460766767477428,0.4352834354980548,179.11076752419552,159.71974354931143,62.61580509883944,26.327400362480322,62.439979937504944
0.5687049640755649,0.3067897164798452,162.07999443097202,141.408898957481,85.30131948270055,36.62874099417363,71.37877754540234
0.5468312264711137,0.2802479527246235,163.63683526847058,154.5671521003511,64.40187439456632,33.14912084861472,71.09399670121941
0.7370051297618605,0.3273446899670393,169.6366754363458,146.37353030384264,72.23125114726116,30.314485945133157,65.22468244321368
0.6021717344277753,0.3406699485009278,169.38083516003007,147.8934129113385,58.371213777726794,26.82291959681682,68.06286472468436
0.5494752741689811,0.41605016769046177,178.22360426931155,155.67721249983975,71.09967448102586,27.642263956348817,72.41424288280025
0.6154347856963063,0.3535533905932738,174.85649668110995,141.23279931700193,73.62693185895071,35.55064275625503,77.06452108895674
0.5590169943749473,0.340120570751835,167.3133351814318,156.80140948635182,87.77012077455952,28.63355733494984,63.38482129458047
0.7067142711473182,0.319737515755121,169.43927328284727,146.22940015255907,74.19578964992839,33.837357123154945,71.30810692787179
0.5140759301797858,0.32241294010958055,165.50792457442452,149.4065354774938,72.73361600753717,31.02443051184308,66.78253135948219
0.6849795031181366,0.44175990305715795,179.2554416584164,139.64780198533845,69.7174409110834,30.792530149855608,71.3665410923923
0.7169596783647536,0.46089072746602866,170.66980965231846,145.34889876878233,67.45961550869113,34.21570213243739,75.09430680115383
0.5987280380813585,0.4424136654069727,179.9857156619923,149.57031623231427,59.88844320286201,33.14527463094636,66.06134609485379
0.6848197589072478,0.39629520756644304,175.19219919479116,135.01574059837134,89.25107821717667,50.896677168041634,74.43456356841416
0.6601336892352034,0.39855832675558295,175.02321783082067,153.43769064133946,77.61121995051433,39.33833757994791,75.77719678643071
0.6183469424008423,0.37740713998595365,173.72981382914963,143.99496866611523,73.28281720068362,34.31895128047582,72.83536163792105
0.6534112951687521,0.4815597709725029,177.15095891036435,145.91462869472363,69.91157280520285,36.272132678289914,74.49885660773583
0.5914668029961294,0.4379630901943325,178.38977201968413,147.1349118443663,70.65836228414992,35.15421387825418,70.14806874856293
0.7430643709515536,0.4223916671206205,176.8315873383778,151.97682566702477,89.97049651160937,37.25302265107882,66.79117718366336
0.53813823519705,0.44470202157669547,178.98457333831794,143.93114253976682,80.7507408163492,31.955519559106325,69.39104590273561
0.5445071029955159,0.3653916301888065,174.2574052287494,136.17507863583876,71.10122335794455,36.85604023410685,72.87604307221896
0.6404829721512493,0.3207739039862377,166.6849584789521,138.73472837884762,87.06257802515195,39.18759834829469,76.91961896780984
0.663112876671058,0.4522527809794902,177.96858554632598,149.88708818201894,56.11126551877012,36.294598049729,68.45955059384434
0.6638656706782994,0.2909168421666718,164.7394534666561,135.6432995736182,71.89869143696498,35.23989184910107,70.59189646257309
0.6052236838328272,0.4758001120285017,176.575803621349,135.2999751623039,71.8755943665839,29.728849493888983,61.37443201597595
0.4870847077587341,0.3590090377331479,168.16988667383197,136.98261910324587,76.84003134012922,39.70097680804302,72.96894981484519
0.6056557385744716,0.37026887089386273,170.44418490522747,138.9392890230256,75.28719935995677,48.64375341849031,73.5319032678229
0.6726203213729637,0.4293823161235534,179.77375099898828,163.01363251831538,85.19749395741644,41.13277125501836,74.39573166881911
0.7746793943625866,0.5103042457856217,176.33280048485125,154.59355613969802,84.53267023550735,37.849000294644725,69.13795928494002
0.7955199466761137,0.5574799166394124,172.46569617219654,147.76634796176307,75.65066795705287,41.40114472170211,75.33257043721811
0.5228045265014016,0.4479130228830619,176.66482631925427,152.08026480008053,86.26389427472327,41.61799549977484,68.91606184543393
0.625,0.27053307947518157,157.65595362895274,145.1087214550453,80.41984865472104,41.12951487532811,69.0955422561898
0.8289934287275954,0.27989159610948877,154.75238321458977,155.9839594812163,88.13122395014643,42.790533257265444,80.54433351355833
0.7328805341683186,0.5228758244939778,179.47847990924623,153.97181448425218,84.34935676687056,38.45705236356068,72.24774040536673
0.6573973011795873,0.4654812283109353,179.58439133191786,148.3994872600859,85.13795281026744,30.01642324262675,75.42772830585534
0.7271846910799605,0.4818109311556522,178.5813831773549,150.16833515877977,82.85745128337335,52.73997762077774,64.71589543144144
0.5609805749296086,0.46151603318958745,179.48774530260047,153.75756297731678,83.05649026519134,37.198236627614754,74.38720647688979
0.6440786011906726,0.5622959108784705,171.75244028780833,145.13188755684484,89.60909918737575,35.93156113409012,64.15561244543967
0.5840547919502074,0.5414376392603505,170.3900023853352,156.72769744134885,73.25892439429862,36.22783510023911,60.35565279296513
0.6413429306673467,0.6081851577364774,163.25648751249815,127.20672711730778,74.60221514757802,39.72372655782323,78.198252359405
0.9586025865388216,0.33291255493112487,164.56291717105307,147.31501847927439,83.79725998671192,50.323961517152995,82.96284829358905
0.620310131234604,0.5637003019748172,171.77005787744923,150.1915608862099,63.52696766209392,42.114855346779585,68.1029781209429
0.7409375794412929,0.5335357123449552,174.8756119836581,155.50034038810995,72.1745577537532,36.440183160169816,71.96556492908832
0.9467377484948842,0.6063456159192103,164.33030005798818,162.5296805003962,69.1561320249021,44.819256815590975,73.7667108747611
0.7984498255330796,0.47336407880173464,178.8927300662458,161.99895178017,69.16057561893345,40.82790162002266,65.12570241487181
0.6891308273733825,0.4619939869410051,179.37877567318688,144.77522080589324,63.912241360216235,60.49001421164026,79.96102530973758
0.588339368568119,0.4917494218108405,176.99319622945924,148.99353301717863,62.895336937507736,49.704512940289675,71.45404758385519
0.7935485267321712,0.6075801476265634,169.68175822890208,154.88402228985268,80.86365427869059,47.39522847586711,62.64065779001575
0.5548792312409555,0.5758298394623692,166.97098047957832,151.51233352300218,78.05942397931285,53.05691769315109,71.02605743330808
0.5798864921823181,0.47671778546866483,173.49946074461587,145.7493262988866,81.63201617959486,42.02086418545825,67.3525897419577
0.5905220420043163,0.5071728241528314,175.1181941962836,157.12605802886475,69.4286042705325,59.78668668821542,71.14728557448221
0.5683326923381479,0.48766918801449605,175.56797081222194,156.9475215027909,71.55075225560967,49.25363397968052,72.29405009505983
0.6017162757290432,0.6752580251994,163.26160080674265,149.77341710759035,86.34812009261499,36.257931148618624,76.6939644108304
0.6418978242469882,0.4754506313394263,176.2448778723541,140.58149864821021,84.41529046227757,43.600812326134445,88.06866868482689
0.7129507382608717,0.507396766587124,174.69038201619156,140.5004114702019,81.29152612504522,31.378365317724118,76.47531239866056
0.7798128673650546,0.3715664415136471,171.77064744652895,151.8071445459903,83.98301524022959,38.283949573406886,80.93034003762588
0.7757246983506201,0.4930411066940158,178.71502613301035,127.10905142061733,85.34174589032439,30.408169283212914,87.59100190815066
0.7805385366555487,0.504419339848471,170.59180636207574,136.2655330257242,83.10920719642301,39.484033171519805,72.71574423949916
0.7280436506727542,0.4048609566579409,178.07577850961547,142.07471278016473,83.42445976572968,36.183734858115656,76.5779575918752
0.7299225200292847,0.5388885936631966,169.75779501911563,138.10294930129203,69.5532419839212,43.813196576128824,76.56355783910467
0.5721152982479242,0.5795753043141488,165.25065582033994,142.52274359604013,82.06776271380653,39.48388276885563,79.56738360713072
0.7284045911494814,0.38427727764814656,173.1694851927624,147.06467563329397,81.50640284414503,35.432241422181214,73.72304674942276
0.5350867612396597,0.3671424238814017,171.67790233316452,147.1413863888034,78.95556970118892,28.11388920305862,68.52706394742097
0.42662567749806607,0.3573045910132926,170.49528240567642,144.4223175275264,77.63209398036686,25.60583239197213,70.90066227433071
0.9996144206527183,0.41332413149817615,174.2249650405742,152.9125929449022,86.2686030008395,25.934586615678846,72.54794671887427
0.674271391810689,0.5279226744164808,166.60414721340237,146.43363811802527,76.29376625046338,29.14187467978842,69.68024760958231
0.6102724247681788,0.41827130440235083,177.38384493276357,141.38123955399954,75.20658766701499,35.219024825733655,69.50005128923104
0.6201736729460423,0.4522272349993104,176.11386357786284,144.5390328923039,77.29717375375867,39.81454388672839,62.90918023606599
0.938524914716728,0.3926915953271986,175.7766757042118,141.40583910318696,71.63416547348675,40.094639204296094,69.22586793732268
0.6509771992488105,0.4348639749343712,179.5632909325438,140.33595048264502,84.79159787541388,43.00871225484594,69.04534308889691
0.5819759619793254,0.46831693831953286,179.8408700232244,141.09890589015725,70.14868586753025,52.504254778791584,63.05078102018202
0.5492827063020852,0.44005330937123593,179.16429587443736,141.2968187189844,77.72081690054279,49.304591925754345,55.34868408799547
0.5513975891405799,0.33600595232822883,170.07375449334836,150.85192815428695,71.31024316407084,37.4947981311694,70.44945525450873
0.5221649643551355,0.5199860610072684,168.22772503200008,143.18572558272734,87.82250220732644,49.99024029277234,69.91090405500867
0.49271926817176814,0.3951812787914744,176.38224366936126,146.76235981045997,79.38093596884794,32.70979596745066,65.5128683027279
0.7104952451985739,0.5496490250640235,165.3963660525652,136.36971020167437,85.5340819665848,48.483966199081955,66.78274891563956
0.5588115866904914,0.529057650146661,176.847354302242,141.32289931201336,76.45965442147961,42.20176535627772,61.87825632825887
0.7757001180305964,0.4727971516560455,178.67149157927872,144.3493877442665,79.87163831810459,45.60730876137432,77.46530765270217
0.6922904412498209,0.7552758851772501,158.56513627620518,137.3719688701138,88.87227597414117,33.71151753684045,73.25179687279315
0.8331436591910486,0.7133352542715068,157.39962686464276,138.35461841081838,82.99041112436412,39.95083353241715,72.68605980452475
0.9283222383514368,0.665194452871278,146.29265831210452,97.43082393419596,78.52264702360061,21.999804961954847,69.60693891413253
0.7879022913978742,0.5831763817664316,160.2460788332188,134.33314866133443,88.29269091752579,37.318956340029004,77.18032869043066
0.6524190046441151,0.5656226083270861,169.93022338616356,160.318965700073,84.80096272908744,41.17395309755067,68.13512780034536
0.7052172661867399,0.5931578470423501,169.2100087938428,139.75885365367427,86.29804413674465,34.3001960534138,67.66351288084158
0.6141748820450048,0.6862260562802648,161.10219174338442,164.24432452990246,77.9684963625642,38.38613865727951,59.90384556808473
0.6257834595701655,0.5119657147083125,172.32616576931972,138.60775640331443,87.69875091942873,38.359313922593905,73.99121402081774
0.6893951443684408,0.4213240916022848,177.70312503800602,139.1652529509847,86.71630986971958,38.21440209778222,71.40369456571949
0.5935752742640285,0.45844835209664586,170.11063778302582,147.9869191088925,80.38611583536424,36.75403222062156,68.13586117955941
0.6835527539390633,0.6122937397582215,166.96103338111152,149.5140018129543,88.53288295350369,28.827840984217456,72.83025409931393
0.7167049208711126,0.4953234858960503,178.61523026963482,149.50762999046114,87.68392489209931,44.490437700391645,73.00917670801383
0.7437831455533627,0.4699835057459897,179.6648154262221,161.45263792297828,88.69204962492708,26.596173270439248,63.72556089713972
0.711697555118525,0.6065533034505167,165.78650797295222,153.07867136267527,83.08451075351815,35.81116392264124,69.76503014375368
0.594390323380165,0.5436367344000724,170.9724913053616,149.31048093982324,86.15680173439183,41.03354313267006,71.08028467715005
0.6478771451166803,0.5295623782483201,178.0693905081451,136.39718102729637,73.74853340043727,40.30135276937074,79.00149392675362
0.5302760229828035,0.4000948613205527,173.51493471794646,159.59644986436024,83.25346202078109,38.72691730850503,75.93587386878214
0.5727799953532972,0.5179061337237807,174.22696534105864,165.28711551944764,81.20831296814985,38.92911833722949,66.85043938738718
0.5874449030701473,0.4672827130993519,179.31190425195305,165.0364892637215,86.18109007884242,31.94928160948003,64.97351512984966
0.6784599310616232,0.5973787022221441,166.45644700715036,136.54815769897795,85.43065510842335,42.670100197155705,72.32389130134653
0.6421427484158156,0.5784522338962512,170.34946962488831,147.65515172664232,89.83416607953735,33.99940494668046,70.45538444009925
0.4611974652144527,0.5939805626895808,163.96678299625722,157.82144744614519,90.0,39.52920364672212,60.91291824958935
0.5640627904054186,0.6468097947286319,165.79999848657934,143.89633899030864,84.37879321903449,31.935815970696858,69.15945860327272
0.5568535147683557,0.47025580516911936,178.30436892761435,146.6930747451247,84.95754893082912,40.66471511720755,75.09047992466739
0.5849558535326811,0.616874853417301,167.58599591836912,162.62290265308695,77.71788268532524,32.9626542797768,74.11515093072015
0.7286684319645308,0.4797981668493313,177.90763354144957,136.96655495230547,82.96898111705059,38.195068474879875,69.13575597873557
0.5565546107459448,0.5173833747621686,175.7123465502263,151.1201277522651,82.59568436482381,33.11424993273481,72.77734283453218
0.6237084324081628,0.5425069036579302,171.97545255799668,150.93944390431906,89.18542295024056,33.79120337023573,69.39767233629861
0.5949889806314134,0.589676815716993,167.7286747979009,162.91143596275123,85.55875881056726,23.88995590910322,63.162951912921244
0.49595011287393126,0.6437666412735766,165.69865723252346,169.1734805448098,88.16257995279275,28.348809046322458,65.30154517340216
0.582712568241902,0.49182943042057103,179.21310522653835,154.25475803787867,80.35519701152987,33.34298969787892,60.132088234910086
0.7211102550927979,0.5099340194879234,176.69938279352345,146.2503114970869,89.8480221614363,39.28718715695322,65.82211437281475
0.5914239538423512,0.5501964034951998,170.5628954127713,162.7830628346623,81.51663018110949,33.7802019847983,67.39002025140401
0.6299070104571438,0.5064284391496068,179.26707411978066,155.5280377340378,86.30093695875766,28.8240684338997,71.42665584354214
0.4894174207817963,0.6303215959495848,171.81759634581954,139.3198941536506,85.28492920785848,36.59075388334117,67.30816676886289
0.7783958833947738,0.5691527197145763,173.57979214949444,143.92483358862043,88.39524616472222,33.24433901741653,62.15320318740862
0.5697268697293435,0.46003064579392877,179.01527302158192,153.9732562382998,82.04188609765377,38.794631327666615,64.4838443615425
0.5576833169505164,0.5566622375867298,175.1823729397909,141.28535976745349,87.04112141734267,40.911901190958666,77.753265084424
0.5206833117271102,0.49971900359770105,173.65074055325113,147.27729976328655,87.4028456105575,39.63559847340961,59.278736058571226
0.6163669443577334,0.4384067113243698,175.86974986428015,140.21453817710437,88.43962441454269,33.37481299058294,78.70607640500243
0.6085644507811119,0.48610410257306796,177.2205512249942,142.8978603614748,86.55626527473217,42.94855825951909,62.82350237986
0.6128902983132442,0.5063655114089372,175.95801858853162,135.4337124112427,82.64762064010763,45.71234421216331,70.36682876941285
0.45162814097843135,0.42047962189198773,176.12306278470732,163.91016021162076,75.68895873739359,43.598021637022036,70.48021480374612
0.5758455747646708,0.4978220905879335,174.8691299530268,153.26197742918217,89.43674166505615,32.031256215813734,66.7728981773273
0.5328126154470819,0.48363448529081837,173.45348547673393,154.61782602905427,81.18532322286936,31.16132740249024,63.55575004810564
0.6285393610547089,0.48850188508027104,178.2380215184932,148.31913871795254,80.20360176598088,31.798496387169102,73.84130017577469
0.6306604795998006,0.570050327589075,173.47887781893365,152.0016419813427,77.87386971974837,37.351749068914025,63.79497142439354
0.5370268057138755,0.6001871362241236,174.05434066837628,140.72442902129848,86.55000340368682,42.02298820930759,69.89554680723381
0.6018624092559299,0.5793966274534695,167.69553990831872,144.1597636964998,85.39600119955499,41.98570075376841,72.89727103094762
0.6364839519471501,0.4937179676991846,173.79830907783364,143.22363284933022,80.57662271495514,42.01544100817805,65.83681643918486
0.6728734061394128,0.5600596890058535,173.79065315363144,152.50144098478526,80.0834738790927,40.22949626537118,74.67747452861391
0.5634103235303294,0.6394545153107728,164.7180209247777,139.44186600936501,74.2807492210847,34.1211643508511,78.50371112040278
0.5096925316976181,0.7518946311402599,153.30452160842304,147.9490853671207,85.50335921591221,33.66964387168284,76.06898435619664
0.5402788686918626,0.708455233072249,155.24478650683625,144.74038681782616,82.43535208003229,40.270672489604365,74.86261021831052
0.6223245142419274,0.5793308934261079,169.6143280001817,141.05804146832998,89.55421004431746,32.65336007641965,65.20912516231981
0.5155054377536586,0.5933942353009506,167.35282734985458,147.5021768773879,88.06941255883287,44.76002382193555,72.8054298000205
